qualifyId,raceId,driverId,constructorId,number,position,q1,q2,q3
5860,900,1,131,44,1,01:31.7,01:42.9,01:44.2
5861,900,817,9,3,2,01:30.8,01:42.3,01:44.5
5862,900,3,131,6,3,01:32.6,01:42.3,01:44.6
5863,900,825,1,20,4,01:30.9,01:43.2,01:45.7
5864,900,4,6,14,5,01:31.4,01:42.8,01:45.8
5865,900,818,5,25,6,01:33.5,01:43.8,01:45.9
5866,900,807,10,27,7,01:33.9,01:43.7,01:46.0
5867,900,826,5,26,8,01:33.8,01:44.3,01:47.4
5868,900,13,3,19,9,01:31.2,01:44.2,01:48.1
5869,900,822,3,77,10,01:31.6,01:43.9,01:48.1
5870,900,18,1,22,11,01:31.4,01:44.4,\N
5871,900,8,6,7,12,01:32.4,01:44.5,\N
5872,900,20,9,1,13,01:31.9,01:44.7,\N
5873,900,16,15,99,14,01:33.7,01:45.7,\N
5874,900,155,207,10,15,01:34.3,01:45.9,\N
5875,900,815,10,11,16,01:34.1,01:47.3,\N
5876,900,820,206,4,17,01:34.3,\N,\N
5877,900,824,206,17,18,01:34.8,\N,\N
5878,900,821,15,21,19,01:35.1,\N,\N
5879,900,828,207,9,20,01:35.2,\N,\N
5880,900,154,208,8,21,01:37.0,\N,\N
5881,900,813,208,13,22,\N,\N,\N
5882,901,1,131,44,1,01:57.2,01:59.0,01:59.4
5883,901,20,9,1,2,01:57.7,01:59.4,01:59.5
5884,901,3,131,6,3,01:57.2,01:59.4,02:00.1
5885,901,4,6,14,4,01:58.9,02:01.4,02:00.2
5886,901,817,9,3,5,01:58.9,02:00.1,02:00.5
5887,901,8,6,7,6,01:59.3,02:01.5,02:01.2
5888,901,807,10,27,7,01:58.9,02:00.8,02:01.7
5889,901,825,1,20,8,02:00.4,02:02.1,02:02.2
5890,901,818,5,25,9,02:01.7,02:02.1,02:03.1
5891,901,18,1,22,10,02:00.9,02:01.8,02:04.1
5892,901,826,5,26,11,02:01.2,02:02.4,\N
5893,901,821,15,21,12,02:01.1,02:02.4,\N
5894,901,13,3,19,13,02:00.0,02:02.5,\N
5895,901,815,10,11,14,02:00.1,02:02.5,\N
5896,901,822,3,77,15,01:59.7,02:02.8,\N
5897,901,154,208,8,16,02:00.2,02:02.9,\N
5898,901,813,208,13,17,02:02.1,\N,\N
5899,901,16,15,99,18,02:02.1,\N,\N
5900,901,824,206,17,19,02:02.7,\N,\N
5901,901,155,207,10,20,02:03.6,\N,\N
5902,901,820,206,4,21,02:04.4,\N,\N
5903,901,828,207,9,22,02:04.4,\N,\N
5904,902,3,131,6,1,01:35.4,01:33.7,01:33.2
5905,902,1,131,44,2,01:35.3,01:33.9,01:33.5
5906,902,817,9,3,3,01:36.2,01:34.6,01:34.1
5907,902,822,3,77,4,01:34.9,01:34.8,01:34.2
5908,902,815,10,11,5,01:35.0,01:34.7,01:34.3
5909,902,8,6,7,6,01:35.2,01:34.9,01:34.4
5910,902,18,1,22,7,01:35.7,01:34.7,01:34.4
5911,902,13,3,19,8,01:35.1,01:34.8,01:34.5
5912,902,825,1,20,9,01:35.3,01:34.9,01:34.7
5913,902,4,6,14,10,01:35.3,01:34.7,01:35.0
5914,902,20,9,1,11,01:35.5,01:35.0,\N
5915,902,807,10,27,12,01:34.9,01:35.1,\N
5916,902,826,5,26,13,01:35.4,01:35.1,\N
5917,902,818,5,25,14,01:35.8,01:35.3,\N
5918,902,821,15,21,15,01:36.6,01:35.9,\N
5919,902,154,208,8,16,01:36.7,01:35.9,\N
5920,902,813,208,13,17,01:36.7,\N,\N
5921,902,16,15,99,18,01:36.8,\N,\N
5922,902,155,207,10,19,01:37.1,\N,\N
5923,902,824,206,17,20,01:37.3,\N,\N
5924,902,828,207,9,21,01:37.9,\N,\N
5925,902,820,206,4,22,01:37.9,\N,\N
5950,903,1,131,44,1,01:55.5,01:54.0,01:53.9
5951,903,817,9,3,2,01:56.6,01:55.3,01:54.5
5952,903,20,9,1,3,01:55.9,01:54.5,01:55.0
5953,903,3,131,6,4,01:56.1,01:55.3,01:55.1
5954,903,4,6,14,5,01:57.0,01:55.8,01:55.6
5955,903,13,3,19,6,01:56.8,01:56.8,01:56.1
5956,903,822,3,77,7,01:56.5,01:56.3,01:56.3
5957,903,807,10,27,8,01:55.9,01:56.8,01:56.4
5958,903,818,5,25,9,01:57.5,01:56.6,01:56.8
5959,903,154,208,8,10,01:58.4,01:56.4,01:57.1
5960,903,8,6,7,11,01:58.3,01:56.9,\N
5961,903,18,1,22,12,01:57.8,01:57.0,\N
5962,903,826,5,26,13,01:57.3,01:57.3,\N
5963,903,16,15,99,14,01:58.1,01:57.4,\N
5964,903,825,1,20,15,01:57.4,01:57.7,\N
5965,903,815,10,11,16,01:58.4,01:58.3,\N
5966,903,821,15,21,17,01:59.0,\N,\N
5967,903,155,207,10,18,01:59.3,\N,\N
5968,903,824,206,17,19,01:59.3,\N,\N
5969,903,828,207,9,20,02:00.6,\N,\N
5970,903,820,206,4,21,02:00.9,\N,\N
5971,903,813,208,13,22,\N,\N,\N
5972,904,1,131,44,1,01:27.2,01:26.2,01:25.2
5973,904,3,131,6,2,01:26.8,01:26.1,01:25.4
5974,904,817,9,3,3,01:28.1,01:26.6,01:26.3
5975,904,822,3,77,4,01:28.2,01:27.6,01:26.6
5976,904,154,208,8,5,01:28.5,01:27.3,01:27.0
5977,904,8,6,7,6,01:28.3,01:27.3,01:27.1
5978,904,4,6,14,7,01:28.3,01:27.6,01:27.1
5979,904,18,1,22,8,01:28.3,01:27.6,01:27.3
5980,904,13,3,19,9,01:28.1,01:27.0,01:27.4
5981,904,20,9,1,10,01:28.0,01:27.1,\N
5982,904,807,10,27,11,01:28.2,01:27.7,\N
5983,904,815,10,11,12,01:28.5,01:28.0,\N
5984,904,826,5,26,13,01:28.1,01:28.0,\N
5985,904,821,15,21,14,01:28.4,01:28.3,\N
5986,904,825,1,20,15,01:28.4,\N,\N
5987,904,818,5,25,16,01:28.2,\N,\N
5988,904,16,15,99,17,01:28.6,\N,\N
5989,904,820,206,4,18,01:29.6,\N,\N
5990,904,824,206,17,19,01:30.2,\N,\N
5991,904,828,207,9,20,01:30.3,\N,\N
5992,904,155,207,10,21,01:30.4,\N,\N
5993,904,813,208,13,22,\N,\N,\N
5994,905,3,131,6,1,01:17.7,01:16.5,01:16.0
5995,905,1,131,44,2,01:17.8,01:16.4,01:16.0
5996,905,817,9,3,3,01:17.9,01:17.2,01:16.4
5997,905,20,9,1,4,01:18.4,01:17.1,01:16.5
5998,905,4,6,14,5,01:17.9,01:17.2,01:16.7
5999,905,8,6,7,6,01:17.9,01:17.4,01:17.4
6000,905,818,5,25,7,01:17.6,01:17.7,01:17.5
6001,905,825,1,20,8,01:18.0,01:17.6,01:17.6
6002,905,826,5,26,9,01:18.6,01:17.6,01:18.1
6003,905,815,10,11,10,01:18.1,01:17.8,01:18.3
6004,905,807,10,27,11,01:18.4,01:17.8,\N
6005,905,18,1,22,12,01:17.9,01:18.0,\N
6006,905,822,3,77,13,01:18.4,01:18.1,\N
6007,905,154,208,8,14,01:18.3,01:18.2,\N
6008,905,813,208,13,15,01:18.6,01:18.4,\N
6009,905,13,3,19,16,01:18.2,\N,\N
6010,905,821,15,21,17,01:18.7,\N,\N
6011,905,16,15,99,18,01:18.7,\N,\N
6012,905,824,206,17,19,01:19.3,\N,\N
6013,905,820,206,4,20,01:19.9,\N,\N
6014,905,155,207,10,21,01:20.1,\N,\N
6015,905,828,207,9,22,01:21.7,\N,\N
6016,906,3,131,6,1,01:16.5,01:15.3,01:14.9
6017,906,1,131,44,2,01:15.8,01:15.1,01:15.0
6018,906,20,9,1,3,01:17.5,01:16.1,01:15.5
6019,906,822,3,77,4,01:16.8,01:15.8,01:15.6
6020,906,13,3,19,5,01:16.7,01:15.8,01:15.6
6021,906,817,9,3,6,01:17.1,01:15.9,01:15.6
6022,906,4,6,14,7,01:17.0,01:16.1,01:15.8
6023,906,818,5,25,8,01:17.2,01:16.3,01:16.2
6024,906,18,1,22,9,01:16.6,01:16.2,01:16.2
6025,906,8,6,7,10,01:17.0,01:16.2,01:16.2
6026,906,807,10,27,11,01:16.9,01:16.3,\N
6027,906,825,1,20,12,01:16.4,01:16.3,\N
6028,906,815,10,11,13,01:18.2,01:16.5,\N
6029,906,154,208,8,14,01:17.7,01:16.7,\N
6030,906,826,5,26,15,01:16.9,01:16.7,\N
6031,906,16,15,99,16,01:17.5,01:17.3,\N
6032,906,813,208,13,17,01:18.3,\N,\N
6033,906,820,206,4,18,01:18.3,\N,\N
6034,906,824,206,17,19,01:18.4,\N,\N
6035,906,155,207,10,20,01:19.3,\N,\N
6036,906,828,207,9,21,01:19.8,\N,\N
6037,906,821,15,21,22,\N,\N,\N
6038,907,13,3,19,1,01:10.3,01:09.2,01:08.8
6039,907,822,3,77,2,01:10.4,01:09.1,01:08.8
6040,907,3,131,6,3,01:09.7,01:09.0,01:08.9
6041,907,4,6,14,4,01:10.4,01:09.5,01:09.3
6042,907,817,9,3,5,01:10.4,01:09.6,01:09.5
6043,907,825,1,20,6,01:10.1,01:09.5,01:09.5
6044,907,826,5,26,7,01:09.7,01:09.5,01:09.6
6045,907,8,6,7,8,01:10.3,01:09.7,01:10.8
6046,907,1,131,44,9,01:09.5,01:09.1,\N
6047,907,807,10,27,10,01:10.4,01:09.6,\N
6048,907,815,10,11,11,01:10.1,01:09.8,\N
6049,907,18,1,22,12,01:10.3,01:09.8,\N
6050,907,20,9,1,13,01:10.6,01:09.8,\N
6051,907,813,208,13,14,01:10.8,01:09.9,\N
6052,907,818,5,25,15,01:10.2,01:10.1,\N
6053,907,154,208,8,16,01:10.5,01:10.6,\N
6054,907,16,15,99,17,01:10.8,\N,\N
6055,907,821,15,21,18,01:11.3,\N,\N
6056,907,824,206,17,19,01:11.4,\N,\N
6057,907,155,207,10,20,01:11.7,\N,\N
6058,907,820,206,4,21,01:11.8,\N,\N
6059,907,828,207,9,22,01:12.7,\N,\N
6060,908,3,131,6,1,01:40.4,01:35.2,01:35.8
6061,908,20,9,1,2,01:45.1,01:36.4,01:37.4
6062,908,18,1,22,3,01:44.4,01:36.6,01:38.2
6063,908,807,10,27,4,01:41.3,01:37.1,01:38.3
6064,908,825,1,20,5,01:42.5,01:37.4,01:38.4
6065,908,1,131,44,6,01:41.1,01:34.9,01:39.2
6066,908,815,10,11,7,01:42.1,01:37.4,01:40.5
6067,908,817,9,3,8,01:44.7,01:38.2,01:40.6
6068,908,826,5,26,9,01:41.0,01:36.8,01:40.7
6069,908,818,5,25,10,01:43.0,01:37.8,01:40.9
6070,908,154,208,8,11,01:43.1,01:38.5,\N
6071,908,824,206,17,12,01:41.2,01:38.7,\N
6072,908,820,206,4,13,01:42.1,01:39.8,\N
6073,908,821,15,21,14,01:43.3,01:40.9,\N
6074,908,813,208,13,15,01:43.9,01:44.0,\N
6075,908,16,15,99,16,01:42.6,\N,\N
6076,908,822,3,77,17,01:45.3,\N,\N
6077,908,13,3,19,18,01:45.7,\N,\N
6078,908,4,6,14,19,01:45.9,\N,\N
6079,908,8,6,7,20,01:46.7,\N,\N
6080,908,828,207,9,21,01:49.4,\N,\N
6081,908,155,207,10,22,01:49.6,\N,\N
6082,909,3,131,6,1,01:17.6,01:17.1,01:16.5
6083,909,822,3,77,2,01:18.2,01:17.4,01:16.8
6084,909,13,3,19,3,01:18.4,01:17.4,01:17.1
6085,909,825,1,20,4,01:18.3,01:17.8,01:17.2
6086,909,817,9,3,5,01:18.1,01:17.9,01:17.3
6087,909,20,9,1,6,01:18.2,01:17.6,01:17.6
6088,909,4,6,14,7,01:18.4,01:17.9,01:17.6
6089,909,826,5,26,8,01:18.5,01:18.1,01:18.0
6090,909,807,10,27,9,01:18.9,01:18.0,01:18.0
6091,909,815,10,11,10,01:18.9,01:18.2,01:18.0
6092,909,18,1,22,11,01:18.4,01:18.2,\N
6093,909,8,6,7,12,01:18.5,01:18.3,\N
6094,909,818,5,25,13,01:18.5,01:18.3,\N
6095,909,821,15,21,14,01:18.7,01:18.8,\N
6096,909,154,208,8,15,01:18.9,01:19.0,\N
6097,909,1,131,44,16,01:18.7,\N,\N
6098,909,16,15,99,17,01:19.1,\N,\N
6099,909,824,206,17,18,01:18.7,\N,\N
6100,909,813,208,13,19,01:20.2,\N,\N
6101,909,155,207,10,20,01:20.4,\N,\N
6102,909,820,206,4,21,01:20.5,\N,\N
6103,909,828,207,9,22,\N,\N,\N
6104,910,3,131,6,1,01:25.2,01:23.3,01:22.7
6105,910,20,9,1,2,01:25.7,01:23.6,01:23.2
6106,910,822,3,77,3,01:25.7,01:23.8,01:23.4
6107,910,817,9,3,4,01:25.5,01:23.7,01:23.4
6108,910,4,6,14,5,01:26.1,01:24.2,01:23.9
6109,910,13,3,19,6,01:26.6,01:24.0,01:24.2
6110,910,18,1,22,7,01:26.6,01:24.5,01:24.3
6111,910,818,5,25,8,01:24.9,01:24.6,01:24.7
6112,910,807,10,27,9,01:26.1,01:24.6,01:24.8
6113,910,825,1,20,10,01:26.6,01:24.6,\N
6114,910,826,5,26,11,01:25.4,01:24.7,\N
6115,910,16,15,99,12,01:26.0,01:25.1,\N
6116,910,815,10,11,13,01:25.9,01:25.2,\N
6117,910,821,15,21,14,01:25.7,01:25.3,\N
6118,910,154,208,8,15,01:26.1,01:25.3,\N
6119,910,824,206,17,16,01:26.7,01:27.4,\N
6120,910,8,6,7,17,01:26.8,\N,\N
6121,910,155,207,10,18,01:27.1,\N,\N
6122,910,820,206,4,19,01:27.8,\N,\N
6123,910,828,207,9,20,01:28.6,\N,\N
6124,910,1,131,44,21,\N,\N,\N
6125,910,813,208,13,22,\N,\N,\N
6126,911,3,131,6,1,02:07.1,02:06.7,02:05.6
6127,911,1,131,44,2,02:07.3,02:06.6,02:05.8
6128,911,20,9,1,3,02:10.1,02:08.9,02:07.7
6129,911,4,6,14,4,02:10.2,02:08.4,02:07.8
6130,911,817,9,3,5,02:10.1,02:09.0,02:07.9
6131,911,822,3,77,6,02:09.2,02:08.5,02:08.0
6132,911,825,1,20,7,02:11.1,02:08.9,02:08.7
6133,911,8,6,7,8,02:09.9,02:08.6,02:08.8
6134,911,13,3,19,9,02:08.4,02:08.8,02:09.2
6135,911,18,1,22,10,02:10.5,02:09.3,02:09.8
6136,911,826,5,26,11,02:10.4,02:09.4,\N
6137,911,818,5,25,12,02:09.8,02:09.8,\N
6138,911,815,10,11,13,02:10.7,02:10.1,\N
6139,911,16,15,99,14,02:11.1,02:10.2,\N
6140,911,154,208,8,15,02:10.9,02:11.1,\N
6141,911,824,206,17,16,02:11.1,02:12.5,\N
6142,911,813,208,13,17,02:11.3,\N,\N
6143,911,807,10,27,18,02:11.3,\N,\N
6144,911,820,206,4,19,02:12.6,\N,\N
6145,911,821,15,21,20,02:13.4,\N,\N
6146,911,827,207,45,21,02:13.5,\N,\N
6147,911,828,207,9,22,02:14.4,\N,\N
6148,912,1,131,44,1,01:25.4,01:24.6,01:24.1
6149,912,3,131,6,2,01:25.5,01:24.6,01:24.4
6150,912,822,3,77,3,01:26.0,01:24.9,01:24.7
6151,912,13,3,19,4,01:25.5,01:25.0,01:24.9
6152,912,825,1,20,5,01:26.3,01:26.0,01:25.3
6153,912,18,1,22,6,01:26.3,01:25.6,01:25.4
6154,912,4,6,14,7,01:26.5,01:25.5,01:25.4
6155,912,20,9,1,8,01:26.6,01:25.8,01:25.4
6156,912,817,9,3,9,01:26.7,01:25.9,01:25.7
6157,912,815,10,11,10,01:26.6,01:25.9,01:25.9
6158,912,826,5,26,11,01:26.3,01:26.1,\N
6159,912,8,6,7,12,01:26.7,01:26.1,\N
6160,912,818,5,25,13,01:26.1,01:26.2,\N
6161,912,807,10,27,14,01:26.4,01:26.3,\N
6162,912,16,15,99,15,01:27.0,01:26.6,\N
6163,912,821,15,21,16,01:27.0,01:26.7,\N
6164,912,813,208,13,17,01:27.5,\N,\N
6165,912,154,208,8,18,01:27.6,\N,\N
6166,912,155,207,10,19,01:27.7,\N,\N
6167,912,824,206,17,20,01:27.7,\N,\N
6168,912,820,206,4,21,01:28.2,\N,\N
6169,912,828,207,9,22,01:28.6,\N,\N
6170,913,1,131,44,1,01:46.9,01:46.3,01:45.7
6171,913,3,131,6,2,01:47.2,01:45.8,01:45.7
6172,913,817,9,3,3,01:47.5,01:46.5,01:45.9
6173,913,20,9,1,4,01:47.5,01:46.6,01:45.9
6174,913,4,6,14,5,01:46.9,01:46.3,01:45.9
6175,913,13,3,19,6,01:47.6,01:46.5,01:46.0
6176,913,8,6,7,7,01:46.7,01:46.4,01:46.2
6177,913,822,3,77,8,01:47.2,01:46.6,01:46.2
6178,913,825,1,20,9,01:48.0,01:46.7,01:46.3
6179,913,826,5,26,10,01:47.7,01:46.9,01:47.4
6180,913,18,1,22,11,01:47.2,01:46.9,\N
6181,913,818,5,25,12,01:47.4,01:47.0,\N
6182,913,807,10,27,13,01:47.4,01:47.3,\N
6183,913,821,15,21,14,01:48.0,01:47.3,\N
6184,913,815,10,11,15,01:48.1,01:47.6,\N
6185,913,154,208,8,16,01:47.9,01:47.8,\N
6186,913,16,15,99,17,01:48.3,\N,\N
6187,913,813,208,13,18,01:49.1,\N,\N
6188,913,824,206,17,19,01:49.4,\N,\N
6189,913,155,207,10,20,01:50.4,\N,\N
6190,913,820,206,4,21,01:50.5,\N,\N
6191,913,828,207,9,22,01:52.3,\N,\N
6192,914,3,131,6,1,01:33.7,01:33.0,01:32.5
6193,914,1,131,44,2,01:33.6,01:33.0,01:32.7
6194,914,822,3,77,3,01:34.3,01:33.4,01:33.1
6195,914,13,3,19,4,01:34.5,01:33.6,01:33.5
6196,914,4,6,14,5,01:34.5,01:33.7,01:33.7
6197,914,817,9,3,6,01:35.6,01:34.5,01:34.1
6198,914,825,1,20,7,01:34.9,01:34.2,01:34.2
6199,914,18,1,22,8,01:35.2,01:34.6,01:34.3
6200,914,20,9,1,9,01:35.5,01:34.8,01:34.4
6201,914,8,6,7,10,01:35.0,01:34.8,01:34.5
6202,914,818,5,25,11,01:35.2,01:35.0,\N
6203,914,815,10,11,12,01:35.4,01:35.1,\N
6204,914,826,5,26,13,01:35.2,01:35.1,\N
6205,914,807,10,27,14,01:35.0,01:35.1,\N
6206,914,16,15,99,15,01:35.7,01:35.4,\N
6207,914,821,15,21,16,01:35.3,01:35.7,\N
6208,914,813,208,13,17,01:35.9,\N,\N
6209,914,154,208,8,18,01:36.0,\N,\N
6210,914,828,207,9,19,01:36.8,\N,\N
6211,914,824,206,17,20,01:36.9,\N,\N
6212,914,155,207,10,21,01:37.0,\N,\N
6213,914,820,206,4,22,01:37.5,\N,\N
6214,915,1,131,44,1,01:38.8,01:38.3,01:38.5
6215,915,3,131,6,2,01:39.1,01:38.6,01:38.7
6216,915,822,3,77,3,01:39.1,01:39.0,01:38.9
6217,915,18,1,22,4,01:39.6,01:39.4,01:39.1
6218,915,826,5,26,5,01:40.1,01:39.3,01:39.3
6219,915,825,1,20,6,01:39.7,01:39.0,01:39.6
6220,915,817,9,3,7,01:40.5,01:39.7,01:39.6
6221,915,4,6,14,8,01:40.3,01:39.8,01:39.7
6222,915,8,6,7,9,01:40.1,01:39.8,01:39.8
6223,915,818,5,25,10,01:40.4,01:39.9,01:40.0
6224,915,20,9,1,11,01:40.4,01:40.1,\N
6225,915,807,10,27,12,01:40.3,01:40.1,\N
6226,915,815,10,11,13,01:40.7,01:40.2,\N
6227,915,821,15,21,14,01:41.2,01:40.5,\N
6228,915,16,15,99,15,01:40.8,01:41.0,\N
6229,915,154,208,8,16,01:42.5,01:41.4,\N
6230,915,828,207,9,17,01:42.6,\N,\N
6231,915,13,3,19,18,01:43.1,\N,\N
6232,915,155,207,10,19,01:43.2,\N,\N
6233,915,813,208,13,20,01:43.2,\N,\N
6234,915,820,206,4,21,01:43.6,\N,\N
6235,916,3,131,6,1,01:38.3,01:36.3,01:36.1
6236,916,1,131,44,2,01:37.2,01:37.3,01:36.4
6237,916,822,3,77,3,01:38.2,01:37.5,01:36.9
6238,916,13,3,19,4,01:37.9,01:37.3,01:37.2
6239,916,817,9,3,5,01:38.8,01:37.9,01:37.2
6240,916,4,6,14,6,01:38.3,01:38.0,01:37.6
6241,916,18,1,22,7,01:38.6,01:38.0,01:37.7
6242,916,825,1,20,8,01:38.6,01:38.0,01:37.7
6243,916,8,6,7,9,01:38.7,01:38.3,01:37.8
6244,916,16,15,99,10,01:38.9,01:38.4,01:38.8
6245,916,813,208,13,11,01:38.6,01:38.5,\N
6246,916,815,10,11,12,01:39.2,01:38.6,\N
6247,916,807,10,27,13,01:38.9,01:38.6,\N
6248,916,826,5,26,14,01:38.9,01:38.7,\N
6249,916,818,5,25,15,01:39.3,\N,\N
6250,916,821,15,21,16,01:39.6,\N,\N
6251,916,20,9,1,17,01:39.6,\N,\N
6252,916,154,208,8,18,01:39.7,\N,\N
6253,917,3,131,6,1,01:10.3,01:10.3,01:10.0
6254,917,1,131,44,2,01:10.5,01:10.7,01:10.1
6255,917,13,3,19,3,01:10.6,01:10.3,01:10.2
6256,917,822,3,77,4,01:10.8,01:10.4,01:10.3
6257,917,18,1,22,5,01:11.1,01:11.1,01:10.9
6258,917,20,9,1,6,01:11.9,01:11.1,01:10.9
6259,917,825,1,20,7,01:11.1,01:11.2,01:11.0
6260,917,4,6,14,8,01:11.6,01:11.2,01:11.0
6261,917,817,9,3,9,01:11.6,01:11.2,01:11.1
6262,917,8,6,7,10,01:11.2,01:11.2,01:11.1
6263,917,821,15,21,11,01:11.5,01:11.6,\N
6264,917,807,10,27,12,01:11.8,01:12.0,\N
6265,917,16,15,99,13,01:11.9,01:12.1,\N
6266,917,826,5,26,14,01:11.4,\N,\N
6267,917,154,208,8,15,01:12.0,\N,\N
6268,917,818,5,25,16,01:12.0,\N,\N
6269,917,815,10,11,17,01:12.1,\N,\N
6270,917,813,208,13,18,01:12.2,\N,\N
6305,918,821,15,21,15,01:42.8,\N,\N
6304,918,154,208,8,14,01:42.8,\N,\N
6303,918,16,15,99,13,01:42.7,01:43.1,\N
6302,918,807,10,27,12,01:42.4,01:42.4,\N
6301,918,815,10,11,11,01:42.7,01:42.2,\N
6300,918,818,5,25,10,01:42.4,01:42.2,\N
6299,918,825,1,20,9,01:42.1,01:42.2,\N
6298,918,4,6,14,8,01:42.5,01:41.9,01:42.9
6297,918,8,6,7,7,01:42.4,01:42.2,01:42.2
6296,918,18,1,22,6,01:42.1,01:41.9,01:42.0
6295,918,826,5,26,5,01:42.3,01:42.1,01:41.9
6294,918,13,3,19,4,01:41.5,01:41.1,01:41.1
6293,918,822,3,77,3,01:42.3,01:41.4,01:41.0
6292,918,1,131,44,2,01:41.2,01:40.9,01:40.9
6291,918,3,131,6,1,01:41.3,01:41.5,01:40.5
6306,918,813,208,13,16,01:42.9,\N,\N
6307,918,155,207,10,17,01:44.5,\N,\N
6308,918,829,207,46,18,01:45.1,\N,\N
6309,926,1,131,44,1,01:28.6,01:26.9,01:26.3
6310,926,3,131,6,2,01:28.9,01:27.1,01:26.9
6311,926,13,3,19,3,01:29.2,01:27.9,01:27.7
6312,926,20,6,5,4,01:29.3,01:27.7,01:27.8
6313,926,8,6,7,5,01:29.8,01:27.8,01:27.8
6314,926,822,3,77,6,01:29.6,01:27.8,01:28.1
6315,926,817,9,3,7,01:29.8,01:28.7,01:28.3
6316,926,832,5,55,8,01:29.6,01:28.6,01:28.5
6317,926,154,208,8,9,01:29.5,01:28.6,01:28.6
6318,926,813,208,13,10,01:29.8,01:28.7,01:29.5
6319,926,831,15,12,11,01:30.4,01:28.8,\N
6320,926,830,5,33,12,01:29.2,01:28.9,\N
6321,926,826,9,26,13,01:30.4,01:29.1,\N
6322,926,807,10,27,14,01:29.7,01:29.2,\N
6323,926,815,10,11,15,01:30.0,01:29.2,\N
6324,926,828,15,9,16,01:31.4,\N,\N
6325,926,18,1,22,17,01:31.4,\N,\N
6326,926,825,1,20,18,01:32.0,\N,\N
6327,927,1,131,44,1,01:39.3,01:41.5,01:49.8
6328,927,20,6,5,2,01:39.8,01:39.6,01:49.9
6329,927,3,131,6,3,01:39.4,01:39.4,01:50.3
6330,927,817,9,3,4,01:40.5,01:41.1,01:51.5
6331,927,826,9,26,5,01:40.5,01:41.7,01:52.0
6332,927,830,5,33,6,01:40.8,01:41.4,01:52.0
6333,927,13,3,19,7,01:40.5,01:41.2,01:52.5
6334,927,154,208,8,8,01:40.3,01:41.2,01:53.0
6335,927,822,3,77,9,01:40.2,01:40.7,01:53.2
6336,927,828,15,9,10,01:40.3,01:41.7,01:53.3
6337,927,8,6,7,11,01:40.4,01:42.2,\N
6338,927,813,208,13,12,01:40.4,01:42.2,\N
6339,927,807,10,27,13,01:40.8,01:43.0,\N
6340,927,815,10,11,14,01:41.0,01:43.5,\N
6341,927,832,5,55,15,01:39.8,01:43.7,\N
6342,927,831,15,12,16,01:41.3,\N,\N
6343,927,18,1,22,17,01:41.6,\N,\N
6344,927,4,1,14,18,01:41.7,\N,\N
6345,927,833,209,98,19,01:46.7,\N,\N
6346,928,1,131,44,1,01:38.3,01:36.4,01:35.8
6347,928,3,131,6,2,01:38.5,01:36.7,01:35.8
6348,928,20,6,5,3,01:37.5,01:37.0,01:36.7
6349,928,13,3,19,4,01:38.4,01:37.4,01:37.0
6350,928,822,3,77,5,01:38.0,01:37.8,01:37.1
6351,928,8,6,7,6,01:37.8,01:37.1,01:37.2
6352,928,817,9,3,7,01:38.5,01:37.9,01:37.5
6353,928,154,208,8,8,01:38.2,01:38.1,01:37.9
6354,928,831,15,12,9,01:38.5,01:38.0,01:38.1
6355,928,828,15,9,10,01:38.9,01:38.1,01:38.2
6356,928,813,208,13,11,01:38.6,01:38.1,\N
6357,928,826,9,26,12,01:39.1,01:38.2,\N
6358,928,830,5,33,13,01:38.4,01:38.4,\N
6359,928,832,5,55,14,01:38.6,01:38.5,\N
6360,928,815,10,11,15,01:38.9,01:39.3,\N
6361,928,807,10,27,16,01:39.2,\N,\N
6362,928,18,1,22,17,01:39.3,\N,\N
6363,928,4,1,14,18,01:39.3,\N,\N
6364,928,829,209,28,19,01:42.1,\N,\N
6365,928,833,209,98,20,01:42.8,\N,\N
6366,929,1,131,44,1,01:33.9,01:32.7,01:32.6
6367,929,20,6,5,2,01:34.9,01:33.6,01:33.0
6368,929,3,131,6,3,01:34.4,01:33.9,01:33.1
6369,929,8,6,7,4,01:34.6,01:33.5,01:33.2
6370,929,822,3,77,5,01:34.2,01:33.9,01:33.4
6371,929,13,3,19,6,01:34.5,01:33.6,01:33.7
6372,929,817,9,3,7,01:34.7,01:34.4,01:33.8
6373,929,807,10,27,8,01:35.7,01:34.6,01:34.5
6374,929,832,5,55,9,01:35.4,01:34.6,01:34.5
6375,929,154,208,8,10,01:35.0,01:34.1,01:34.5
6376,929,815,10,11,11,01:35.5,01:34.7,\N
6377,929,831,15,12,12,01:35.3,01:34.7,\N
6378,929,828,15,9,13,01:35.4,01:35.0,\N
6379,929,4,1,14,14,01:35.2,01:35.0,\N
6380,929,830,5,33,15,01:35.6,01:35.1,\N
6381,929,813,208,13,16,01:35.7,\N,\N
6382,929,826,9,26,17,01:35.8,\N,\N
6383,929,829,209,28,18,01:38.7,\N,\N
6384,929,833,209,98,19,01:39.7,\N,\N
6385,930,3,131,6,1,01:26.5,01:25.2,01:24.7
6386,930,1,131,44,2,01:26.4,01:25.7,01:24.9
6387,930,20,6,5,3,01:27.5,01:26.2,01:25.5
6388,930,822,3,77,4,01:27.3,01:26.2,01:25.7
6389,930,832,5,55,5,01:26.8,01:26.5,01:26.1
6390,930,830,5,33,6,01:27.4,01:26.4,01:26.2
6391,930,8,6,7,7,01:26.6,01:26.0,01:26.4
6392,930,826,9,26,8,01:27.8,01:26.9,01:26.6
6393,930,13,3,19,9,01:27.2,01:26.1,01:26.8
6394,930,817,9,3,10,01:27.6,01:26.7,01:26.8
6395,930,154,208,8,11,01:27.4,01:27.4,\N
6396,930,813,208,13,12,01:27.3,01:27.5,\N
6397,930,4,1,14,13,01:27.9,01:27.8,\N
6398,930,18,1,22,14,01:27.8,01:27.9,\N
6399,930,831,15,12,15,01:27.6,01:28.0,\N
6400,930,828,15,9,16,01:28.1,\N,\N
6401,930,807,10,27,17,01:28.4,\N,\N
6402,930,815,10,11,18,01:28.4,\N,\N
6403,930,829,209,28,19,01:31.2,\N,\N
6404,930,833,209,98,20,01:32.0,\N,\N
6405,931,1,131,44,1,01:16.6,01:15.9,01:15.1
6406,931,3,131,6,2,01:16.5,01:15.5,01:15.4
6407,931,20,6,5,3,01:17.5,01:16.2,01:15.8
6408,931,817,9,3,4,01:17.3,01:16.7,01:16.0
6409,931,826,9,26,5,01:16.8,01:16.5,01:16.2
6410,931,8,6,7,6,01:17.7,01:16.4,01:16.4
6411,931,815,10,11,7,01:17.4,01:17.0,01:16.8
6412,931,832,5,55,8,01:17.2,01:16.8,01:16.9
6413,931,813,208,13,9,01:17.6,01:16.8,01:16.9
6414,931,830,5,33,10,01:16.8,01:16.5,01:17.0
6415,931,154,208,8,11,01:17.8,01:17.0,\N
6416,931,18,1,22,12,01:17.5,01:17.1,\N
6417,931,807,10,27,13,01:17.6,01:17.2,\N
6418,931,13,3,19,14,01:17.7,01:17.3,\N
6419,931,4,1,14,15,01:17.8,01:26.6,\N
6420,931,831,15,12,16,01:18.1,\N,\N
6421,931,822,3,77,17,01:18.4,\N,\N
6422,931,828,15,9,18,01:18.5,\N,\N
6423,931,829,209,28,19,01:20.7,\N,\N
6424,931,833,209,98,20,01:20.9,\N,\N
6425,932,1,131,44,1,01:15.9,01:14.7,01:14.4
6426,932,3,131,6,2,01:15.9,01:14.7,01:14.7
6427,932,8,6,7,3,01:16.3,01:15.3,01:15.0
6428,932,822,3,77,4,01:16.6,01:15.5,01:15.1
6429,932,154,208,8,5,01:15.8,01:15.2,01:15.2
6430,932,813,208,13,6,01:16.1,01:15.6,01:15.3
6431,932,807,10,27,7,01:16.2,01:15.7,01:15.6
6432,932,826,9,26,8,01:16.4,01:15.9,01:16.1
6433,932,817,9,3,9,01:16.4,01:16.0,01:16.1
6434,932,815,10,11,10,01:16.8,01:16.0,01:16.3
6435,932,832,5,55,11,01:16.6,01:16.0,\N
6436,932,830,5,33,12,01:16.4,01:16.2,\N
6437,932,828,15,9,13,01:16.8,01:16.3,\N
6438,932,4,1,14,14,01:17.0,01:16.3,\N
6439,932,831,15,12,15,01:17.0,01:16.6,\N
6440,932,20,6,5,16,01:17.3,\N,\N
6441,932,13,3,19,17,01:17.9,\N,\N
6442,932,833,209,98,18,01:19.1,\N,\N
6443,932,829,209,28,19,01:19.2,\N,\N
6444,933,1,131,44,1,01:12.2,01:09.1,01:08.5
6445,933,3,131,6,2,01:11.0,01:08.6,01:08.7
6446,933,20,6,5,3,01:11.2,01:09.4,01:08.8
6447,933,13,3,19,4,01:11.8,01:09.7,01:09.2
6448,933,807,10,27,5,01:11.3,01:09.6,01:09.3
6449,933,822,3,77,6,01:11.9,01:09.6,01:09.3
6450,933,830,5,33,7,01:11.3,01:09.6,01:09.6
6451,933,826,9,26,8,01:12.1,01:10.2,01:09.7
6452,933,831,15,12,9,01:12.0,01:09.7,01:09.7
6453,933,154,208,8,10,01:11.8,01:09.9,\N
6454,933,813,208,13,11,01:11.7,01:10.4,\N
6455,933,828,15,9,12,01:12.4,01:10.4,\N
6456,933,832,5,55,13,01:11.2,01:10.5,\N
6457,933,817,9,3,14,01:12.0,01:10.5,\N
6458,933,4,1,14,15,01:12.5,01:10.7,\N
6459,933,815,10,11,16,01:12.5,\N,\N
6460,933,18,1,22,17,01:12.6,\N,\N
6461,933,8,6,7,18,01:12.9,\N,\N
6462,933,833,209,98,19,01:14.1,\N,\N
6463,933,829,209,28,20,01:15.4,\N,\N
6464,934,1,131,44,1,01:33.8,01:33.1,01:32.2
6465,934,3,131,6,2,01:33.5,01:32.7,01:32.4
6466,934,13,3,19,3,01:34.5,01:33.7,01:33.1
6467,934,822,3,77,4,01:34.2,01:33.0,01:33.1
6468,934,8,6,7,5,01:33.4,01:33.9,01:33.4
6469,934,20,6,5,6,01:33.6,01:33.6,01:33.5
6470,934,826,9,26,7,01:34.4,01:33.5,01:33.6
6471,934,832,5,55,8,01:34.6,01:34.1,01:33.6
6472,934,807,10,27,9,01:34.6,01:33.7,01:33.7
6473,934,817,9,3,10,01:34.3,01:33.7,01:33.9
6474,934,815,10,11,11,01:34.3,01:34.3,\N
6475,934,154,208,8,12,01:34.6,01:34.4,\N
6476,934,830,5,33,13,01:34.8,01:34.5,\N
6477,934,813,208,13,14,01:34.9,01:34.5,\N
6478,934,828,15,9,15,01:34.6,01:34.9,\N
6479,934,831,15,12,16,01:34.9,\N,\N
6480,934,4,1,14,17,01:35.0,\N,\N
6481,934,18,1,22,18,01:35.2,\N,\N
6482,934,829,209,28,19,01:37.4,\N,\N
6483,934,833,209,98,20,01:39.4,\N,\N
6484,936,1,131,44,1,01:22.9,01:22.3,01:22.0
6485,936,3,131,6,2,01:23.0,01:22.8,01:22.6
6486,936,20,6,5,3,01:23.3,01:23.2,01:22.7
6487,936,817,9,3,4,01:24.4,01:23.2,01:22.8
6488,936,8,6,7,5,01:23.6,01:23.5,01:23.0
6489,936,822,3,77,6,01:23.6,01:23.6,01:23.2
6490,936,826,9,26,7,01:23.6,01:23.6,01:23.3
6491,936,13,3,19,8,01:23.9,01:23.6,01:23.5
6492,936,830,5,33,9,01:24.0,01:23.8,01:23.7
6493,936,154,208,8,10,01:24.2,01:23.8,01:24.2
6494,936,807,10,27,11,01:24.1,01:23.8,\N
6495,936,832,5,55,12,01:24.6,01:23.9,\N
6496,936,815,10,11,13,01:24.4,01:24.5,\N
6497,936,813,208,13,14,01:23.9,01:24.6,\N
6498,936,4,1,14,15,01:24.6,\N,\N
6499,936,18,1,22,16,01:24.7,\N,\N
6500,936,828,15,9,17,01:24.8,\N,\N
6501,936,831,15,12,18,01:25.0,\N,\N
6502,936,833,209,98,19,01:27.4,\N,\N
6503,936,829,209,28,20,01:27.9,\N,\N
6504,937,1,131,44,1,01:48.9,01:48.0,01:47.2
6505,937,3,131,6,2,01:48.9,01:48.0,01:47.7
6506,937,822,3,77,3,01:49.0,01:49.0,01:48.5
6507,937,154,208,8,4,01:49.4,01:49.0,01:48.6
6508,937,815,10,11,5,01:49.0,01:48.8,01:48.6
6509,937,817,9,3,6,01:49.7,01:49.0,01:48.6
6510,937,13,3,19,7,01:49.7,01:48.8,01:48.7
6511,937,813,208,13,8,01:49.6,01:49.0,01:48.8
6512,937,20,6,5,9,01:49.3,01:48.8,01:48.8
6513,937,832,5,55,10,01:49.1,01:49.1,01:49.8
6514,937,807,10,27,11,01:49.5,01:49.1,\N
6515,937,826,9,26,12,01:49.5,01:49.2,\N
6516,937,828,15,9,13,01:49.5,01:49.6,\N
6517,937,8,6,7,14,01:49.3,\N,\N
6518,937,830,5,33,15,01:49.8,\N,\N
6519,937,831,15,12,16,01:50.0,\N,\N
6520,937,18,1,22,17,01:51.0,\N,\N
6521,937,4,1,14,18,01:51.4,\N,\N
6522,937,829,206,28,19,01:52.9,\N,\N
6523,937,833,206,98,20,01:53.1,\N,\N
6524,938,1,131,44,1,01:24.3,01:23.4,01:23.4
6525,938,8,6,7,2,01:24.7,01:23.8,01:23.6
6526,938,20,6,5,3,01:25.0,01:23.6,01:23.7
6527,938,3,131,6,4,01:24.6,01:23.9,01:23.7
6528,938,13,3,19,5,01:25.2,01:24.0,01:23.9
6529,938,822,3,77,6,01:25.0,01:24.3,01:24.1
6530,938,815,10,11,7,01:24.8,01:24.4,01:24.6
6531,938,154,208,8,8,01:25.1,01:24.4,01:25.1
6532,938,807,10,27,9,01:24.9,01:24.5,01:25.3
6533,938,828,15,9,10,01:25.1,01:24.5,01:26.2
6534,938,813,208,13,11,01:25.4,01:24.5,\N
6535,938,831,15,12,12,01:25.1,01:24.9,\N
6536,938,832,5,55,13,01:25.4,01:25.6,\N
6537,938,826,9,26,14,01:25.7,01:25.8,\N
6538,938,817,9,3,15,01:25.6,\N,\N
6539,938,18,1,22,16,01:26.1,\N,\N
6540,938,4,1,14,17,01:26.2,\N,\N
6541,938,829,209,28,18,01:27.7,\N,\N
6542,938,833,209,98,19,01:27.9,\N,\N
6543,938,830,5,33,20,\N,\N,\N
6544,939,20,6,5,1,01:46.0,01:44.7,01:43.9
6545,939,817,9,3,2,01:46.2,01:45.3,01:44.4
6546,939,8,6,7,3,01:46.5,01:45.1,01:44.7
6547,939,826,9,26,4,01:45.3,01:45.0,01:44.7
6548,939,1,131,44,5,01:45.8,01:45.7,01:45.3
6549,939,3,131,6,6,01:46.2,01:45.7,01:45.4
6550,939,822,3,77,7,01:46.2,01:45.9,01:45.7
6551,939,830,5,33,8,01:46.5,01:45.6,01:45.8
6552,939,13,3,19,9,01:46.9,01:45.7,01:46.1
6553,939,154,208,8,10,01:46.9,01:45.8,01:46.4
6554,939,807,10,27,11,01:46.7,01:46.3,\N
6555,939,4,1,14,12,01:46.6,01:46.3,\N
6556,939,815,10,11,13,01:46.6,01:46.4,\N
6557,939,832,5,55,14,01:46.5,01:46.9,\N
6558,939,18,1,22,15,01:45.9,01:47.0,\N
6559,939,831,15,12,16,01:47.0,\N,\N
6560,939,828,15,9,17,01:47.1,\N,\N
6561,939,813,208,13,18,01:47.3,\N,\N
6562,939,829,209,28,19,01:51.0,\N,\N
6563,939,834,209,53,20,01:51.5,\N,\N
6564,940,3,131,6,1,01:33.0,01:32.6,01:32.6
6565,940,1,131,44,2,01:32.8,01:32.8,01:32.7
6566,940,822,3,77,3,01:34.3,01:33.4,01:33.0
6567,940,20,6,5,4,01:34.4,01:33.8,01:33.2
6568,940,13,3,19,5,01:34.7,01:33.4,01:33.3
6569,940,8,6,7,6,01:34.2,01:33.4,01:33.3
6570,940,817,9,3,7,01:34.4,01:34.2,01:33.5
6571,940,154,208,8,8,01:34.4,01:34.3,01:34.0
6572,940,815,10,11,9,01:35.0,01:34.2,\N
6573,940,826,9,26,10,01:34.6,01:34.2,\N
6574,940,807,10,27,11,01:35.3,01:34.4,\N
6575,940,832,5,55,12,01:34.9,01:34.5,\N
6576,940,813,208,13,13,01:34.8,01:34.5,\N
6577,940,4,1,14,14,01:35.5,01:34.8,\N
6578,940,830,5,33,15,01:34.5,\N,\N
6579,940,18,1,22,16,01:35.7,\N,\N
6580,940,828,15,9,17,01:35.7,\N,\N
6581,940,831,15,12,18,01:35.8,\N,\N
6582,940,829,209,28,19,01:38.8,\N,\N
6583,940,834,209,53,20,01:47.1,\N,\N
6584,941,3,131,6,1,01:38.3,01:37.5,01:37.1
6585,941,1,131,44,2,01:38.6,01:37.7,01:37.4
6586,941,822,3,77,3,01:38.4,01:38.2,01:37.9
6587,941,20,6,5,4,01:38.6,01:38.4,01:38.0
6588,941,8,6,7,5,01:39.2,01:38.2,01:38.3
6589,941,807,10,27,6,01:39.3,01:38.7,01:38.7
6590,941,815,10,11,7,01:39.6,01:38.9,01:38.7
6591,941,154,208,8,8,01:39.1,01:38.8,01:38.8
6592,941,830,5,33,9,01:39.4,01:39.1,01:38.9
6593,941,817,9,3,10,01:39.6,01:39.0,01:39.7
6594,941,826,9,26,11,01:39.6,01:39.2,\N
6595,941,831,15,12,12,01:40.0,01:39.3,\N
6596,941,18,1,22,13,01:39.7,01:39.8,\N
6597,941,813,208,13,14,01:39.7,01:39.8,\N
6598,941,13,3,19,15,01:38.9,01:39.9,\N
6599,941,4,1,14,16,01:40.1,\N,\N
6600,941,828,15,9,17,01:40.7,\N,\N
6601,941,829,206,28,18,01:43.7,\N,\N
6602,941,833,206,98,19,01:43.8,\N,\N
6603,942,3,131,6,1,01:56.7,01:56.8,\N
6604,942,1,131,44,2,01:56.9,01:56.9,\N
6605,942,817,9,3,3,01:56.5,01:58.0,\N
6606,942,826,9,26,4,01:57.6,01:58.4,\N
6607,942,20,6,5,5,02:00.9,01:58.6,\N
6608,942,815,10,11,6,01:59.3,01:59.2,\N
6609,942,807,10,27,7,01:58.3,01:59.3,\N
6610,942,8,6,7,8,01:58.2,01:59.7,\N
6611,942,13,3,19,9,02:00.9,02:00.0,\N
6612,942,830,5,33,10,01:58.7,02:00.2,\N
6613,942,4,1,14,11,01:59.7,02:00.3,\N
6614,942,822,3,77,12,01:59.6,02:00.3,\N
6615,942,154,208,8,13,02:00.2,02:00.6,\N
6616,942,18,1,22,14,02:00.3,02:01.2,\N
6617,942,813,208,13,15,02:00.8,02:01.6,\N
6618,942,828,15,9,16,02:02.2,\N,\N
6619,942,831,15,12,17,02:03.2,\N,\N
6620,942,834,206,53,18,02:04.2,\N,\N
6621,942,829,206,28,19,02:04.5,\N,\N
6622,942,832,5,55,20,02:07.3,\N,\N
6623,943,3,131,6,1,01:20.4,01:20.1,01:19.5
6624,943,1,131,44,2,01:20.8,01:19.8,01:19.7
6625,943,20,6,5,3,01:20.5,01:20.0,01:19.8
6626,943,826,9,26,4,01:20.8,01:20.5,01:20.4
6627,943,817,9,3,5,01:21.2,01:20.8,01:20.4
6628,943,822,3,77,6,01:20.8,01:20.5,01:20.4
6629,943,13,3,19,7,01:21.4,01:20.6,01:20.6
6630,943,830,5,33,8,01:21.0,01:20.9,01:20.7
6631,943,815,10,11,9,01:21.0,01:20.7,01:20.7
6632,943,807,10,27,10,01:21.3,01:20.9,01:20.8
6633,943,832,5,55,11,01:21.0,01:20.9,\N
6634,943,154,208,8,12,01:21.6,01:21.0,\N
6635,943,813,208,13,13,01:21.5,01:21.3,\N
6636,943,828,15,9,14,01:21.3,01:21.5,\N
6637,943,8,6,7,15,01:21.4,01:22.5,\N
6638,943,4,1,14,16,01:21.8,\N,\N
6639,943,831,15,12,17,01:21.8,\N,\N
6640,943,834,206,53,18,01:24.1,\N,\N
6641,943,829,206,28,19,01:24.4,\N,\N
6642,943,18,1,22,20,\N,\N,\N
6643,944,3,131,6,1,01:11.7,01:12.2,01:11.3
6644,944,1,131,44,2,01:11.7,01:11.7,01:11.4
6645,944,20,6,5,3,01:12.2,01:11.9,01:11.8
6646,944,822,3,77,4,01:12.9,01:12.4,01:12.1
6647,944,8,6,7,5,01:12.2,01:12.2,01:12.1
6648,944,807,10,27,6,01:12.6,01:12.5,01:12.3
6649,944,826,9,26,7,01:12.7,01:12.5,01:12.3
6650,944,13,3,19,8,01:13.0,01:12.9,01:12.4
6651,944,817,9,3,9,01:12.6,01:12.8,01:12.4
6652,944,830,5,33,10,01:12.8,01:12.7,01:12.7
6653,944,831,15,12,11,01:13.1,01:13.0,\N
6654,944,832,5,55,12,01:13.3,01:13.0,\N
6655,944,815,10,11,13,01:13.1,01:13.1,\N
6656,944,828,15,9,14,01:13.3,01:13.2,\N
6657,944,154,208,8,15,01:13.1,01:13.9,\N
6658,944,813,208,13,16,01:13.4,\N,\N
6659,944,18,1,22,17,01:13.4,\N,\N
6660,944,834,206,53,18,01:16.2,\N,\N
6661,944,829,206,28,19,01:16.3,\N,\N
6662,944,4,1,14,20,\N,\N,\N
6663,945,3,131,6,1,01:41.1,01:41.0,01:40.2
6664,945,1,131,44,2,01:41.0,01:40.8,01:40.6
6665,945,8,6,7,3,01:42.5,01:41.6,01:41.1
6666,945,815,10,11,4,01:42.0,01:41.6,01:41.2
6667,945,817,9,3,5,01:42.3,01:41.8,01:41.4
6668,945,822,3,77,6,01:42.6,01:41.9,01:41.7
6669,945,807,10,27,7,01:42.0,01:41.9,01:41.7
6670,945,13,3,19,8,01:42.3,01:42.3,01:41.8
6671,945,826,9,26,9,01:42.5,01:42.3,01:41.9
6672,945,832,5,55,10,01:42.9,01:42.5,01:42.7
6673,945,830,5,33,11,01:42.9,01:42.5,\N
6674,945,18,1,22,12,01:42.6,01:42.7,\N
6675,945,813,208,13,13,01:42.9,01:42.8,\N
6676,945,831,15,12,14,01:42.9,01:43.6,\N
6677,945,154,208,8,15,01:42.6,\N,\N
6678,945,20,6,5,16,01:42.9,\N,\N
6679,945,4,1,14,17,01:43.2,\N,\N
6680,945,828,15,9,18,01:43.8,\N,\N
6681,945,829,209,28,19,01:46.3,\N,\N
6682,945,833,209,98,20,01:47.4,\N,\N
6683,948,1,131,44,1,01:25.4,01:24.6,01:23.8
6684,948,3,131,6,2,01:26.9,01:24.8,01:24.2
6685,948,20,6,5,3,01:26.9,01:25.3,01:24.7
6686,948,8,6,7,4,01:26.6,01:25.6,01:25.0
6687,948,830,5,33,5,01:26.9,01:25.6,01:25.4
6688,948,13,3,19,6,01:25.9,01:25.6,01:25.5
6689,948,832,5,55,7,01:27.1,01:25.4,01:25.6
6690,948,817,9,3,8,01:26.9,01:25.6,01:25.6
6691,948,815,10,11,9,01:26.6,01:25.8,\N
6692,948,807,10,27,10,01:26.6,01:25.9,\N
6693,948,822,3,77,11,01:27.1,01:26.0,\N
6694,948,4,1,14,12,01:26.5,01:26.1,\N
6695,948,18,1,22,13,01:26.7,01:26.3,\N
6696,948,835,4,30,14,01:27.2,01:27.6,\N
6697,948,825,4,20,15,01:27.3,01:27.7,\N
6698,948,828,15,9,16,01:27.4,\N,\N
6699,948,831,15,12,17,01:28.0,\N,\N
6700,948,826,9,26,18,01:28.0,\N,\N
6701,948,154,210,8,19,01:28.3,\N,\N
6702,948,821,210,21,20,01:29.6,\N,\N
6703,948,837,209,88,21,01:29.6,\N,\N
6704,948,836,209,94,22,01:29.6,\N,\N
6705,949,1,131,44,1,01:31.4,01:30.0,01:29.5
6706,949,3,131,6,2,01:31.3,01:30.5,01:29.6
6707,949,20,6,5,3,01:31.6,01:30.4,01:30.0
6708,949,8,6,7,4,01:31.7,01:30.6,01:30.2
6709,949,817,9,3,5,01:31.4,01:31.1,01:30.9
6710,949,822,3,77,6,01:31.7,01:30.9,01:31.2
6711,949,13,3,19,7,01:32.0,01:31.4,01:31.2
6712,949,807,10,27,8,01:32.0,01:31.6,01:31.6
6713,949,154,210,8,9,01:32.0,01:31.8,\N
6714,949,830,5,33,10,01:31.9,01:31.8,\N
6715,949,832,5,55,11,01:31.7,01:31.8,\N
6716,949,838,1,47,12,01:32.5,01:31.9,\N
6717,949,821,210,21,13,01:32.1,01:31.9,\N
6718,949,18,1,22,14,01:32.0,01:32.0,\N
6719,949,826,9,26,15,01:32.6,01:32.2,\N
6720,949,836,209,94,16,01:32.8,\N,\N
6721,949,828,15,9,17,01:32.8,\N,\N
6722,949,815,10,11,18,01:32.9,\N,\N
6723,949,825,4,20,19,01:33.2,\N,\N
6724,949,835,4,30,20,01:33.4,\N,\N
6725,949,837,209,88,21,01:34.2,\N,\N
6726,949,831,15,12,22,01:34.4,\N,\N
6727,950,3,131,6,1,01:37.7,01:36.2,01:35.4
6728,950,817,9,3,2,01:37.7,01:36.8,01:35.9
6729,950,8,6,7,3,01:37.3,01:36.1,01:36.0
6730,950,20,6,5,4,01:37.0,01:36.2,01:36.2
6731,950,822,3,77,5,01:37.5,01:36.8,01:36.3
6732,950,826,9,26,6,01:37.7,01:36.9,01:36.4
6733,950,815,10,11,7,01:38.1,01:37.1,01:36.9
6734,950,832,5,55,8,01:37.7,01:37.2,01:36.9
6735,950,830,5,33,9,01:38.2,01:37.3,01:37.2
6736,950,807,10,27,10,01:38.2,01:37.3,\N
6737,950,13,3,19,11,01:38.0,01:37.3,\N
6738,950,4,1,14,12,01:38.5,01:38.8,\N
6739,950,18,1,22,13,01:37.6,01:39.1,\N
6740,950,154,210,8,14,01:38.4,01:39.8,\N
6741,950,828,15,9,15,01:38.3,01:40.7,\N
6742,950,831,15,12,16,01:38.7,01:42.4,\N
6743,950,825,4,20,17,01:38.7,\N,\N
6744,950,821,210,21,18,01:38.8,\N,\N
6745,950,835,4,30,19,01:39.5,\N,\N
6746,950,837,209,88,20,01:40.3,\N,\N
6747,950,836,209,94,21,\N,\N,\N
6748,950,1,131,44,22,\N,\N,\N
6749,951,3,131,6,1,01:36.1,01:35.3,01:35.4
6750,951,20,6,5,2,01:36.6,01:36.6,01:36.1
6751,951,822,3,77,3,01:37.7,01:37.1,01:36.5
6752,951,8,6,7,4,01:37.0,01:36.7,01:36.7
6753,951,13,3,19,5,01:37.8,01:37.2,01:37.0
6754,951,817,9,3,6,01:38.1,01:37.6,01:37.1
6755,951,815,10,11,7,01:38.0,01:37.3,01:37.2
6756,951,826,9,26,8,01:38.3,01:37.6,01:37.5
6757,951,830,5,33,9,01:38.1,01:37.5,01:37.6
6758,951,1,131,44,10,01:36.0,01:35.8,\N
6759,951,832,5,55,11,01:37.8,01:37.7,\N
6760,951,18,1,22,12,01:38.3,01:37.7,\N
6761,951,807,10,27,13,01:38.6,01:37.8,\N
6762,951,4,1,14,14,01:38.0,01:37.8,\N
6763,951,154,210,8,15,01:38.4,01:38.1,\N
6764,951,821,210,21,16,01:38.7,01:38.1,\N
6765,951,825,4,20,17,01:38.9,\N,\N
6766,951,835,4,30,18,01:39.0,\N,\N
6767,951,831,15,12,19,01:39.0,\N,\N
6768,951,836,209,94,20,01:39.4,\N,\N
6769,951,837,209,88,21,01:39.5,\N,\N
6770,951,828,15,9,22,01:39.5,\N,\N
6771,952,1,131,44,1,01:23.2,01:22.2,01:22.0
6772,952,3,131,6,2,01:23.0,01:22.8,01:22.3
6773,952,817,9,3,3,01:23.7,01:23.6,01:22.7
6774,952,830,9,33,4,01:23.6,01:23.2,01:23.1
6775,952,8,6,7,5,01:23.8,01:23.5,01:23.1
6776,952,20,6,5,6,01:24.1,01:23.7,01:23.3
6777,952,822,3,77,7,01:24.3,01:24.0,01:23.5
6778,952,832,5,55,8,01:24.5,01:24.1,01:23.6
6779,952,815,10,11,9,01:24.7,01:24.0,01:23.8
6780,952,4,1,14,10,01:24.6,01:24.2,01:24.0
6781,952,807,10,27,11,01:24.5,01:24.2,\N
6782,952,18,1,22,12,01:24.6,01:24.3,\N
6783,952,826,5,26,13,01:24.7,01:24.4,\N
6784,952,154,210,8,14,01:24.7,01:24.5,\N
6785,952,825,4,20,15,01:24.7,01:24.6,\N
6786,952,821,210,21,16,01:24.4,01:24.8,\N
6787,952,835,4,30,17,01:24.9,\N,\N
6788,952,13,3,19,18,01:24.9,\N,\N
6789,952,828,15,9,19,01:25.2,\N,\N
6790,952,831,15,12,20,01:25.6,\N,\N
6791,952,836,209,94,21,01:25.7,\N,\N
6792,952,837,209,88,22,01:25.9,\N,\N
6793,953,817,9,3,1,01:14.9,01:14.4,01:13.6
6794,953,3,131,6,2,01:14.9,01:14.0,01:13.8
6795,953,1,131,44,3,01:14.8,01:14.1,01:13.9
6796,953,20,6,5,4,01:14.6,01:14.3,01:14.6
6797,953,807,10,27,5,01:15.3,01:15.0,01:14.7
6798,953,8,6,7,6,01:15.5,01:14.8,01:14.7
6799,953,832,5,55,7,01:15.5,01:14.8,01:14.7
6800,953,815,10,11,8,01:15.3,01:14.9,01:14.9
6801,953,826,5,26,9,01:15.4,01:14.8,01:15.3
6802,953,4,1,14,10,01:15.5,01:15.1,01:15.4
6803,953,822,3,77,11,01:15.5,01:15.3,\N
6804,953,821,210,21,12,01:15.6,01:15.3,\N
6805,953,18,1,22,13,01:15.6,01:15.4,\N
6806,953,13,3,19,14,01:15.7,01:15.4,\N
6807,953,154,210,8,15,01:15.5,01:15.6,\N
6808,953,825,4,20,16,01:16.3,01:16.1,\N
6809,953,828,15,9,17,01:16.3,\N,\N
6810,953,835,4,30,18,01:16.6,\N,\N
6811,953,837,209,88,19,01:17.3,\N,\N
6812,953,836,209,94,20,01:17.5,\N,\N
6813,953,830,9,33,21,01:22.5,\N,\N
6814,953,831,15,12,22,\N,\N,\N
6815,954,1,131,44,1,01:14.1,01:13.1,01:12.8
6816,954,3,131,6,2,01:13.7,01:13.1,01:12.9
6817,954,20,6,5,3,01:13.9,01:13.9,01:13.0
6818,954,817,9,3,4,01:14.0,01:13.5,01:13.2
6819,954,830,9,33,5,01:14.6,01:13.8,01:13.4
6820,954,8,6,7,6,01:14.5,01:13.8,01:13.6
6821,954,822,3,77,7,01:14.4,01:13.8,01:13.7
6822,954,13,3,19,8,01:14.8,01:13.9,01:13.8
6823,954,807,10,27,9,01:14.7,01:14.2,01:14.0
6824,954,4,1,14,10,01:15.0,01:14.3,01:14.3
6825,954,815,10,11,11,01:14.8,01:14.3,\N
6826,954,18,1,22,12,01:14.8,01:14.4,\N
6827,954,826,5,26,13,01:14.8,01:14.5,\N
6828,954,821,210,21,14,01:15.1,01:14.6,\N
6829,954,154,210,8,15,01:15.4,01:14.8,\N
6830,954,832,5,55,16,01:14.7,01:22.0,\N
6831,954,835,4,30,17,01:15.5,\N,\N
6832,954,836,209,94,18,01:15.6,\N,\N
6833,954,828,15,9,19,01:15.6,\N,\N
6834,954,831,15,12,20,01:16.7,\N,\N
6835,954,837,209,88,21,01:17.1,\N,\N
6836,955,3,131,6,1,01:43.7,01:42.5,01:42.8
6837,955,815,10,11,2,01:44.5,01:43.9,01:43.5
6838,955,817,9,3,3,01:44.6,01:44.1,01:44.0
6839,955,20,6,5,4,01:45.1,01:44.5,01:44.0
6840,955,8,6,7,5,01:44.9,01:44.5,01:44.3
6841,955,13,3,19,6,01:45.5,01:44.7,01:44.5
6842,955,826,5,26,7,01:44.7,01:44.7,01:44.7
6843,955,822,3,77,8,01:44.7,01:44.5,01:45.2
6844,955,830,9,33,9,01:44.9,01:44.4,01:45.6
6845,955,1,131,44,10,01:44.3,01:43.5,02:02.0
6846,955,154,210,8,11,01:45.5,01:44.8,\N
6847,955,807,10,27,12,01:44.9,01:44.8,\N
6848,955,832,5,55,13,01:44.8,01:45.0,\N
6849,955,4,1,14,14,01:45.5,01:45.3,\N
6850,955,821,210,21,15,01:45.3,01:45.3,\N
6851,955,831,15,12,16,01:45.5,01:46.0,\N
6852,955,837,209,88,17,01:45.7,\N,\N
6853,955,836,209,94,18,01:45.7,\N,\N
6854,955,18,1,22,19,01:45.8,\N,\N
6855,955,828,15,9,20,01:46.2,\N,\N
6856,955,825,4,20,21,01:46.3,\N,\N
6857,955,835,4,30,22,01:46.4,\N,\N
6858,956,1,131,44,1,01:06.9,01:06.2,01:07.9
6859,956,3,131,6,2,01:06.5,01:06.4,01:08.5
6860,956,807,10,27,3,01:07.4,01:07.3,01:09.3
6861,956,20,6,5,4,01:06.8,01:06.6,01:09.8
6862,956,18,1,22,5,01:07.7,01:07.6,01:09.9
6863,956,8,6,7,6,01:07.2,01:06.9,01:09.9
6864,956,817,9,3,7,01:07.5,01:06.8,01:10.0
6865,956,822,3,77,8,01:07.1,01:06.9,01:10.4
6866,956,830,9,33,9,01:07.1,01:06.9,01:11.2
6867,956,13,3,19,10,01:07.4,01:07.1,01:12.0
6868,956,821,210,21,11,01:07.7,01:07.6,\N
6869,956,836,209,94,12,01:07.6,01:07.7,\N
6870,956,154,210,8,13,01:07.7,01:07.9,\N
6871,956,4,1,14,14,01:07.7,01:08.2,\N
6872,956,832,5,55,15,01:07.6,\N,\N
6873,956,815,10,11,16,01:07.7,\N,\N
6874,956,825,4,20,17,01:07.9,\N,\N
6875,956,835,4,30,18,01:08.0,\N,\N
6876,956,837,209,88,19,01:08.0,\N,\N
6877,956,826,5,26,20,01:08.4,\N,\N
6878,956,828,15,9,21,01:08.4,\N,\N
6879,956,831,15,12,22,01:08.4,\N,\N
6880,957,1,131,44,1,01:30.7,01:29.2,01:29.3
6881,957,3,131,6,2,01:30.7,01:30.0,01:29.6
6882,957,830,9,33,3,01:31.3,01:30.7,01:30.3
6883,957,817,9,3,4,01:31.7,01:31.3,01:30.6
6884,957,8,6,7,5,01:31.3,01:31.4,01:30.9
6885,957,20,6,5,6,01:31.6,01:30.7,01:31.5
6886,957,822,3,77,7,01:31.9,01:31.5,01:31.6
6887,957,832,5,55,8,01:32.1,01:31.7,01:32.0
6888,957,807,10,27,9,01:32.3,01:31.8,01:32.2
6889,957,4,1,14,10,01:32.3,01:31.7,01:32.3
6890,957,815,10,11,11,01:32.3,01:31.9,\N
6891,957,13,3,19,12,01:32.1,01:32.0,\N
6892,957,154,210,8,13,01:32.3,01:32.0,\N
6893,957,821,210,21,14,01:32.2,01:32.2,\N
6894,957,826,5,26,15,01:32.6,01:32.3,\N
6895,957,825,4,20,16,01:32.7,01:37.1,\N
6896,957,18,1,22,17,01:32.8,\N,\N
6897,957,835,4,30,18,01:32.9,\N,\N
6898,957,837,209,88,19,01:33.1,\N,\N
6899,957,836,209,94,20,01:33.2,\N,\N
6900,957,831,15,12,21,01:33.5,\N,\N
6901,958,3,131,6,1,01:33.3,01:22.8,01:20.0
6902,958,1,131,44,2,01:34.2,01:24.8,01:20.1
6903,958,817,9,3,3,01:40.0,01:23.2,01:20.3
6904,958,830,9,33,4,01:40.4,01:22.7,01:20.6
6905,958,20,6,5,5,01:35.7,01:24.1,01:20.9
6906,958,832,5,55,6,01:36.1,01:24.7,01:21.1
6907,958,4,1,14,7,01:35.2,01:23.8,01:21.2
6908,958,18,1,22,8,01:38.0,01:24.5,01:21.6
6909,958,807,10,27,9,01:41.5,01:23.9,01:21.8
6910,958,822,3,77,10,01:42.8,01:24.5,01:22.2
6911,958,154,210,8,11,01:35.9,01:24.9,\N
6912,958,826,5,26,12,01:36.7,01:25.3,\N
6913,958,815,10,11,13,01:41.4,01:25.4,\N
6914,958,8,6,7,14,01:36.9,01:25.4,\N
6915,958,821,210,21,15,01:39.0,01:26.2,\N
6916,958,831,15,12,16,01:37.8,01:27.1,\N
6917,958,835,4,30,17,01:44.0,\N,\N
6918,958,13,3,19,18,01:44.0,\N,\N
6919,958,825,4,20,19,01:44.5,\N,\N
6920,958,828,15,9,20,01:47.0,\N,\N
6921,958,836,209,94,21,01:47.3,\N,\N
6922,958,837,209,88,22,01:50.2,\N,\N
6923,959,3,131,6,1,01:15.5,01:14.8,01:14.4
6924,959,1,131,44,2,01:15.2,01:14.7,01:14.5
6925,959,817,9,3,3,01:15.6,01:15.5,01:14.7
6926,959,830,9,33,4,01:15.9,01:15.1,01:14.8
6927,959,8,6,7,5,01:15.8,01:15.2,01:15.1
6928,959,20,6,5,6,01:15.9,01:15.6,01:15.3
6929,959,807,10,27,7,01:16.3,01:15.6,01:15.5
6930,959,822,3,77,8,01:16.0,01:15.5,01:15.5
6931,959,815,10,11,9,01:16.2,01:15.5,01:15.5
6932,959,13,3,19,10,01:16.5,01:15.7,01:15.6
6933,959,821,210,21,11,01:16.0,01:15.9,\N
6934,959,18,1,22,12,01:16.2,01:15.9,\N
6935,959,832,5,55,13,01:16.3,01:16.0,\N
6936,959,4,1,14,14,01:16.3,01:16.0,\N
6937,959,154,210,8,15,01:16.3,01:16.1,\N
6938,959,835,4,30,16,01:16.6,01:16.7,\N
6939,959,825,4,20,17,01:16.7,\N,\N
6940,959,836,209,94,18,01:16.7,\N,\N
6941,959,826,5,26,19,01:16.9,\N,\N
6942,959,837,209,88,20,01:17.0,\N,\N
6943,959,831,15,12,21,01:17.1,\N,\N
6944,959,828,15,9,22,01:17.2,\N,\N
6945,960,3,131,6,1,01:48.0,01:47.0,01:46.7
6946,960,830,9,33,2,01:48.4,01:47.2,01:46.9
6947,960,8,6,7,3,01:47.9,01:47.7,01:46.9
6948,960,20,6,5,4,01:47.8,01:47.9,01:47.1
6949,960,817,9,3,5,01:48.4,01:48.0,01:47.2
6950,960,815,10,11,6,01:48.1,01:47.5,01:47.4
6951,960,807,10,27,7,01:48.1,01:47.3,01:47.5
6952,960,822,3,77,8,01:48.7,01:47.9,01:47.6
6953,960,18,1,22,9,01:48.7,01:48.1,01:48.1
6954,960,13,3,19,10,01:47.7,01:47.7,01:48.3
6955,960,154,210,8,11,01:48.8,01:48.3,\N
6956,960,825,4,20,12,01:48.8,01:48.5,\N
6957,960,821,210,21,13,01:48.7,01:48.6,\N
6958,960,835,4,30,14,01:48.9,01:48.9,\N
6959,960,832,5,55,15,01:48.9,01:49.0,\N
6960,960,836,209,94,16,01:48.6,01:49.3,\N
6961,960,831,15,12,17,01:48.9,\N,\N
6962,960,839,209,31,18,01:49.1,\N,\N
6963,960,826,5,26,19,01:49.1,\N,\N
6964,960,828,15,9,20,01:49.1,\N,\N
6965,960,1,131,44,21,01:50.0,\N,\N
6966,961,1,131,44,1,01:21.9,01:21.5,01:21.1
6967,961,3,131,6,2,01:22.5,01:21.8,01:21.6
6968,961,20,6,5,3,01:23.1,01:22.3,01:22.0
6969,961,8,6,7,4,01:23.2,01:22.6,01:22.1
6970,961,822,3,77,5,01:23.3,01:22.5,01:22.4
6971,961,817,9,3,6,01:23.2,01:22.6,01:22.4
6972,961,830,9,33,7,01:23.2,01:22.9,01:22.4
6973,961,815,10,11,8,01:23.4,01:22.9,01:22.8
6974,961,807,10,27,9,01:23.3,01:23.0,01:22.8
6975,961,821,210,21,10,01:23.4,01:22.9,01:23.2
6976,961,13,3,19,11,01:23.5,01:23.0,\N
6977,961,154,210,8,12,01:23.4,01:23.1,\N
6978,961,4,1,14,13,01:23.8,01:23.3,\N
6979,961,836,209,94,14,01:23.8,01:23.3,\N
6980,961,18,1,22,15,01:23.7,01:23.4,\N
6981,961,832,5,55,16,01:23.7,01:23.5,\N
6982,961,826,5,26,17,01:23.8,\N,\N
6983,961,831,15,12,18,01:24.0,\N,\N
6984,961,828,15,9,19,01:24.1,\N,\N
6985,961,835,4,30,20,01:24.2,\N,\N
6986,961,825,4,20,21,01:24.4,\N,\N
6987,962,3,131,6,1,01:45.3,01:43.0,01:42.6
6988,962,817,9,3,2,01:44.3,01:43.9,01:43.1
6989,962,1,131,44,3,01:45.2,01:43.5,01:43.3
6990,962,830,9,33,4,01:45.0,01:44.1,01:43.3
6991,962,8,6,7,5,01:45.0,01:44.2,01:43.5
6992,962,832,5,55,6,01:45.5,01:44.5,01:44.2
6993,962,826,5,26,7,01:45.3,01:44.5,01:44.5
6994,962,807,10,27,8,01:46.1,01:44.7,01:44.5
6995,962,4,1,14,9,01:45.4,01:44.7,01:44.6
6996,962,815,10,11,10,01:45.2,01:44.7,01:44.6
6997,962,822,3,77,11,01:46.1,01:44.7,\N
6998,962,13,3,19,12,01:46.1,01:45.0,\N
6999,962,18,1,22,13,01:45.3,01:45.1,\N
7000,962,821,210,21,14,01:45.5,01:45.6,\N
7001,962,154,210,8,15,01:45.6,01:45.7,\N
7002,962,828,15,9,16,01:46.4,01:47.8,\N
7003,962,825,4,20,17,01:46.8,\N,\N
7004,962,831,15,12,18,01:46.9,\N,\N
7005,962,835,4,30,19,01:47.0,\N,\N
7006,962,836,209,94,20,01:47.7,\N,\N
7007,962,839,209,31,21,01:48.3,\N,\N
7008,962,20,6,5,22,01:49.1,\N,\N
7009,963,1,131,44,1,01:34.4,01:33.0,01:32.8
7010,963,3,131,6,2,01:34.5,01:33.6,01:33.3
7011,963,830,9,33,3,01:35.4,01:33.8,01:33.4
7012,963,817,9,3,4,01:35.1,01:33.9,01:33.5
7013,963,20,6,5,5,01:34.6,01:34.0,01:33.6
7014,963,8,6,7,6,01:34.6,01:33.9,01:33.6
7015,963,815,10,11,7,01:35.1,01:34.5,01:34.3
7016,963,807,10,27,8,01:34.8,01:34.4,01:34.5
7017,963,18,1,22,9,01:35.3,01:34.4,01:34.5
7018,963,13,3,19,10,01:35.3,01:34.4,01:34.7
7019,963,822,3,77,11,01:35.2,01:34.6,\N
7020,963,154,210,8,12,01:35.4,01:35.0,\N
7021,963,821,210,21,13,01:35.7,01:35.1,\N
7022,963,825,4,20,14,01:35.6,01:35.3,\N
7023,963,826,5,26,15,01:35.7,01:35.4,\N
7024,963,832,5,55,16,01:35.6,01:35.4,\N
7025,963,828,15,9,17,01:35.8,\N,\N
7026,963,831,15,12,18,01:35.9,\N,\N
7027,963,835,4,30,19,01:36.0,\N,\N
7028,963,839,209,31,20,01:36.5,\N,\N
7029,963,836,209,94,21,01:36.6,\N,\N
7030,963,4,1,14,22,01:37.2,\N,\N
7031,964,3,131,6,1,01:31.9,01:30.7,01:30.6
7032,964,1,131,44,2,01:32.2,01:31.1,01:30.7
7033,964,8,6,7,3,01:31.7,01:31.4,01:30.9
7034,964,20,6,5,4,01:31.7,01:31.2,01:31.0
7035,964,830,9,33,5,01:32.5,01:31.5,01:31.2
7036,964,817,9,3,6,01:32.5,01:31.7,01:31.2
7037,964,815,10,11,7,01:32.7,01:32.2,01:32.0
7038,964,154,210,8,8,01:32.5,01:32.2,01:32.0
7039,964,807,10,27,9,01:32.4,01:32.2,01:32.1
7040,964,821,210,21,10,01:32.6,01:32.2,01:32.5
7041,964,822,3,77,11,01:32.4,01:32.3,\N
7042,964,13,3,19,12,01:32.6,01:32.4,\N
7043,964,826,5,26,13,01:32.6,01:32.6,\N
7044,964,832,5,55,14,01:32.8,01:32.7,\N
7045,964,4,1,14,15,01:32.8,01:32.7,\N
7046,964,835,4,30,16,01:32.8,01:32.8,\N
7047,964,18,1,22,17,01:32.9,\N,\N
7048,964,825,4,20,18,01:33.0,\N,\N
7049,964,828,15,9,19,01:33.2,\N,\N
7050,964,831,15,12,20,01:33.3,\N,\N
7051,964,839,209,31,21,01:33.4,\N,\N
7052,964,836,209,94,22,01:33.6,\N,\N
7053,965,1,131,44,1,01:36.3,01:36.5,01:35.0
7054,965,3,131,6,2,01:36.4,01:36.4,01:35.2
7055,965,817,9,3,3,01:36.8,01:36.3,01:35.5
7056,965,830,9,33,4,01:36.6,01:36.9,01:35.7
7057,965,8,6,7,5,01:37.0,01:36.6,01:36.1
7058,965,20,6,5,6,01:37.2,01:36.5,01:36.4
7059,965,807,10,27,7,01:37.0,01:36.6,01:36.6
7060,965,822,3,77,8,01:37.5,01:37.2,01:37.1
7061,965,13,3,19,9,01:37.4,01:37.2,01:37.3
7062,965,832,5,55,10,01:37.7,01:37.2,01:37.3
7063,965,815,10,11,11,01:37.3,01:37.4,\N
7064,965,4,1,14,12,01:37.9,01:37.4,\N
7065,965,826,5,26,13,01:37.8,01:37.5,\N
7066,965,821,210,21,14,01:38.1,01:37.8,\N
7067,965,835,4,30,15,01:38.1,01:37.9,\N
7068,965,828,15,9,16,01:38.0,01:39.4,\N
7069,965,154,210,8,17,01:38.3,\N,\N
7070,965,825,4,20,18,01:38.3,\N,\N
7071,965,18,1,22,19,01:38.3,\N,\N
7072,965,836,209,94,20,01:38.5,\N,\N
7073,965,831,15,12,21,01:38.6,\N,\N
7074,965,839,209,31,22,01:38.8,\N,\N
7075,966,1,131,44,1,01:19.4,01:19.1,01:18.7
7076,966,3,131,6,2,01:20.0,01:19.8,01:19.0
7077,966,830,9,33,3,01:19.9,01:19.0,01:19.1
7078,966,817,9,3,4,01:19.7,01:19.6,01:19.1
7079,966,807,10,27,5,01:20.6,01:19.8,01:19.3
7080,966,8,6,7,6,01:19.6,01:19.9,01:19.4
7081,966,20,6,5,7,01:19.9,01:19.4,01:19.4
7082,966,822,3,77,8,01:20.3,01:20.0,01:19.6
7083,966,13,3,19,9,01:20.4,01:20.2,01:20.0
7084,966,832,5,55,10,01:20.5,01:20.2,01:20.4
7085,966,4,1,14,11,01:20.6,01:20.3,\N
7086,966,815,10,11,12,01:20.3,01:20.3,\N
7087,966,18,1,22,13,01:21.3,01:20.7,\N
7088,966,825,4,20,14,01:21.3,01:21.1,\N
7089,966,828,15,9,15,01:21.1,01:21.5,\N
7090,966,836,209,94,16,01:21.4,01:21.8,\N
7091,966,821,210,21,17,01:21.4,\N,\N
7092,966,826,5,26,18,01:21.5,\N,\N
7093,966,831,15,12,19,01:21.7,\N,\N
7094,966,839,209,31,20,01:21.9,\N,\N
7095,966,154,210,8,21,01:21.9,\N,\N
7096,967,1,131,44,1,01:11.5,01:11.2,01:10.7
7097,967,3,131,6,2,01:11.8,01:11.4,01:10.8
7098,967,8,6,7,3,01:12.1,01:12.3,01:11.4
7099,967,830,9,33,4,01:12.0,01:11.8,01:11.5
7100,967,20,6,5,5,01:12.2,01:12.0,01:11.5
7101,967,817,9,3,6,01:12.4,01:12.0,01:11.5
7102,967,154,210,8,7,01:12.9,01:12.3,01:11.9
7103,967,807,10,27,8,01:12.4,01:12.4,01:12.1
7104,967,815,10,11,9,01:12.7,01:12.3,01:12.2
7105,967,4,1,14,10,01:12.7,01:12.3,01:12.3
7106,967,822,3,77,11,01:12.7,01:12.4,\N
7107,967,821,210,21,12,01:13.1,01:12.4,\N
7108,967,13,3,19,13,01:12.4,01:12.5,\N
7109,967,826,5,26,14,01:13.1,01:12.7,\N
7110,967,832,5,55,15,01:13.0,01:12.9,\N
7111,967,835,4,30,16,01:13.3,01:13.3,\N
7112,967,18,1,22,17,01:13.3,\N,\N
7113,967,825,4,20,18,01:13.4,\N,\N
7114,967,836,209,94,19,01:13.4,\N,\N
7115,967,839,209,31,20,01:13.4,\N,\N
7116,967,828,15,9,21,01:13.6,\N,\N
7117,967,831,15,12,22,01:13.7,\N,\N
7118,968,1,131,44,1,01:39.5,01:39.4,01:38.8
7119,968,3,131,6,2,01:40.5,01:39.5,01:39.1
7120,968,817,9,3,3,01:41.0,01:40.4,01:39.6
7121,968,8,6,7,4,01:40.3,01:39.6,01:39.6
7122,968,20,6,5,5,01:40.3,01:40.0,01:39.7
7123,968,830,9,33,6,01:40.4,01:39.9,01:39.8
7124,968,807,10,27,7,01:41.0,01:40.7,01:40.5
7125,968,815,10,11,8,01:40.9,01:40.7,01:40.5
7126,968,4,1,14,9,01:41.6,01:41.0,01:41.1
7127,968,13,3,19,10,01:41.2,01:40.9,01:41.2
7128,968,822,3,77,11,01:41.2,01:41.1,\N
7129,968,18,1,22,12,01:41.2,01:41.3,\N
7130,968,821,210,21,13,01:41.6,01:41.5,\N
7131,968,154,210,8,14,01:41.5,01:41.6,\N
7132,968,835,4,30,15,01:41.8,01:41.8,\N
7133,968,836,209,94,16,01:41.9,01:42.0,\N
7134,968,826,5,26,17,01:42.0,\N,\N
7135,968,825,4,20,18,01:42.1,\N,\N
7136,968,831,15,12,19,01:42.2,\N,\N
7137,968,839,209,31,20,01:42.3,\N,\N
7138,968,832,5,55,21,01:42.4,\N,\N
7139,968,828,15,9,22,01:42.6,\N,\N
7140,969,1,131,44,1,01:24.2,01:23.3,01:22.2
7141,969,20,6,5,2,01:25.2,01:23.4,01:22.5
7142,969,822,131,77,3,01:24.5,01:23.2,01:22.5
7143,969,8,6,7,4,01:24.4,01:23.4,01:23.0
7144,969,830,9,33,5,01:24.5,01:24.1,01:23.5
7145,969,154,210,8,6,01:25.4,01:24.7,01:24.1
7146,969,13,3,19,7,01:25.1,01:24.6,01:24.4
7147,969,832,5,55,8,01:25.5,01:25.0,01:24.5
7148,969,826,5,26,9,01:26.0,01:24.9,01:24.5
7149,969,817,9,3,10,01:25.4,01:24.0,\N
7150,969,815,10,11,11,01:25.1,01:25.1,\N
7151,969,807,4,27,12,01:25.0,01:25.1,\N
7152,969,4,1,14,13,01:25.9,01:25.4,\N
7153,969,839,10,31,14,01:26.0,01:25.6,\N
7154,969,828,15,9,15,01:26.2,01:26.5,\N
7155,969,841,15,36,16,01:26.4,\N,\N
7156,969,825,210,20,17,01:26.8,\N,\N
7157,969,838,1,2,18,01:26.9,\N,\N
7158,969,840,3,18,19,01:27.1,\N,\N
7159,969,835,4,30,20,01:28.2,\N,\N
7160,970,1,131,44,1,01:33.3,01:32.4,01:31.7
7161,970,20,6,5,2,01:33.1,01:32.4,01:31.9
7162,970,822,131,77,3,01:33.7,01:32.6,01:31.9
7163,970,8,6,7,4,01:33.3,01:32.2,01:32.1
7164,970,817,9,3,5,01:34.0,01:33.5,01:33.0
7165,970,13,3,19,6,01:34.2,01:33.8,01:33.5
7166,970,807,4,27,7,01:34.5,01:33.6,01:33.6
7167,970,815,10,11,8,01:34.7,01:33.9,01:33.7
7168,970,826,5,26,9,01:34.4,01:34.0,01:33.7
7169,970,840,3,18,10,01:34.0,01:34.1,01:34.2
7170,970,832,5,55,11,01:34.6,01:34.2,\N
7171,970,825,210,20,12,01:34.9,01:34.2,\N
7172,970,4,1,14,13,01:34.5,01:34.4,\N
7173,970,828,15,9,14,01:34.9,01:35.0,\N
7174,970,841,15,36,15,01:35.0,\N,\N
7175,970,838,1,2,16,01:35.0,\N,\N
7176,970,154,210,8,17,01:35.2,\N,\N
7177,970,835,4,30,18,01:35.3,\N,\N
7178,970,830,9,33,19,01:35.4,\N,\N
7179,970,839,10,31,20,01:35.5,\N,\N
7180,971,822,131,77,1,01:31.0,01:29.6,01:28.8
7181,971,1,131,44,2,01:30.8,01:29.5,01:28.8
7182,971,20,6,5,3,01:31.0,01:29.6,01:29.2
7183,971,817,9,3,4,01:31.7,01:30.5,01:29.5
7184,971,8,6,7,5,01:31.0,01:29.8,01:29.6
7185,971,830,9,33,6,01:30.9,01:30.3,01:29.7
7186,971,807,4,27,7,01:31.1,01:30.2,01:29.8
7187,971,13,3,19,8,01:31.4,01:30.7,01:30.1
7188,971,154,210,8,9,01:31.7,01:30.9,01:30.8
7189,971,835,4,30,10,01:31.5,01:30.9,01:31.1
7190,971,826,5,26,11,01:31.5,01:30.9,\N
7191,971,840,3,18,12,01:31.7,01:31.2,\N
7192,971,836,15,94,13,01:32.0,01:31.4,\N
7193,971,839,10,31,14,01:31.8,01:31.7,\N
7194,971,4,1,14,15,01:32.1,\N,\N
7195,971,832,5,55,16,01:32.1,\N,\N
7196,971,838,1,2,17,01:32.3,\N,\N
7197,971,815,10,11,18,01:32.3,\N,\N
7198,971,828,15,9,19,01:32.5,\N,\N
7199,971,825,210,20,20,01:32.9,\N,\N
7200,972,20,6,5,1,01:34.5,01:34.0,01:33.2
7201,972,8,6,7,2,01:35.0,01:33.7,01:33.3
7202,972,822,131,77,3,01:34.0,01:33.3,01:33.3
7203,972,1,131,44,4,01:34.4,01:33.8,01:33.8
7204,972,817,9,3,5,01:35.6,01:35.5,01:34.9
7205,972,13,3,19,6,01:35.8,01:35.0,01:35.1
7206,972,830,9,33,7,01:35.3,01:35.2,01:35.2
7207,972,807,4,27,8,01:35.5,01:35.3,01:35.3
7208,972,815,10,11,9,01:36.2,01:35.5,01:35.3
7209,972,839,10,31,10,01:35.4,01:35.7,01:35.4
7210,972,832,5,55,11,01:35.8,01:35.9,\N
7211,972,840,3,18,12,01:36.3,01:36.0,\N
7212,972,826,5,26,13,01:36.0,01:36.0,\N
7213,972,825,210,20,14,01:36.4,01:36.0,\N
7214,972,4,1,14,15,01:36.4,01:36.7,\N
7215,972,835,4,30,16,01:36.5,\N,\N
7216,972,838,1,2,17,01:37.1,\N,\N
7217,972,836,15,94,18,01:37.3,\N,\N
7218,972,828,15,9,19,01:37.5,\N,\N
7219,972,154,210,8,20,01:37.6,\N,\N
7220,973,1,131,44,1,01:20.5,01:20.2,01:19.1
7221,973,20,6,5,2,01:20.9,01:20.3,01:19.2
7222,973,822,131,77,3,01:21.0,01:20.3,01:19.4
7223,973,8,6,7,4,01:20.7,01:20.6,01:19.4
7224,973,830,9,33,5,01:21.4,01:20.7,01:19.7
7225,973,817,9,3,6,01:21.7,01:20.9,01:20.2
7226,973,4,1,14,7,01:22.0,01:21.3,01:21.0
7227,973,815,10,11,8,01:22.0,01:21.2,01:21.1
7228,973,13,3,19,9,01:22.1,01:21.2,01:21.2
7229,973,839,10,31,10,01:21.9,01:21.1,01:21.3
7230,973,825,210,20,11,01:21.9,01:21.3,\N
7231,973,832,5,55,12,01:21.9,01:21.4,\N
7232,973,807,4,27,13,01:22.1,01:21.4,\N
7233,973,154,210,8,14,01:21.8,01:21.5,\N
7234,973,836,15,94,15,01:22.3,01:21.8,\N
7235,973,828,15,9,16,01:22.3,\N,\N
7236,973,835,4,30,17,01:22.4,\N,\N
7237,973,840,3,18,18,01:22.4,\N,\N
7238,973,838,1,2,19,01:22.5,\N,\N
7239,973,826,5,26,20,01:22.7,\N,\N
7240,974,8,6,7,1,01:13.1,01:12.2,01:12.2
7241,974,20,6,5,2,01:13.1,01:12.4,01:12.2
7242,974,822,131,77,3,01:13.3,01:12.9,01:12.2
7243,974,830,9,33,4,01:13.1,01:12.7,01:12.5
7244,974,817,9,3,5,01:13.2,01:13.0,01:13.0
7245,974,832,5,55,6,01:13.5,01:13.4,01:13.2
7246,974,815,10,11,7,01:13.5,01:13.4,01:13.3
7247,974,154,210,8,8,01:13.8,01:13.2,01:13.3
7248,974,18,1,22,9,01:13.7,01:13.5,01:13.6
7249,974,838,1,2,10,01:13.5,01:13.2,\N
7250,974,826,5,26,11,01:13.9,01:13.5,\N
7251,974,807,4,27,12,01:13.8,01:13.6,\N
7252,974,825,210,20,13,01:13.5,01:14.0,\N
7253,974,1,131,44,14,01:13.6,01:14.1,\N
7254,974,13,3,19,15,01:13.8,01:20.5,\N
7255,974,839,10,31,16,01:14.1,\N,\N
7256,974,835,4,30,17,01:14.7,\N,\N
7257,974,840,3,18,18,01:14.9,\N,\N
7258,974,836,15,94,19,01:15.2,\N,\N
7259,974,828,15,9,20,01:15.3,\N,\N
7260,975,1,131,44,1,01:12.7,01:12.5,01:11.5
7261,975,20,6,5,2,01:13.0,01:12.7,01:11.8
7262,975,822,131,77,3,01:12.7,01:12.6,01:12.2
7263,975,8,6,7,4,01:13.5,01:12.6,01:12.3
7264,975,830,9,33,5,01:13.2,01:12.8,01:12.4
7265,975,817,9,3,6,01:13.5,01:12.8,01:12.6
7266,975,13,3,19,7,01:13.4,01:13.0,01:12.9
7267,975,815,10,11,8,01:13.5,01:13.3,01:13.0
7268,975,839,10,31,9,01:13.5,01:13.3,01:13.1
7269,975,807,4,27,10,01:13.8,01:13.4,01:13.3
7270,975,826,5,26,11,01:13.8,01:13.7,\N
7271,975,4,1,14,12,01:13.7,01:13.7,\N
7272,975,832,5,55,13,01:14.1,01:13.8,\N
7273,975,154,210,8,14,01:13.8,01:13.8,\N
7274,975,835,4,30,15,01:14.0,01:14.3,\N
7275,975,838,1,2,16,01:14.2,\N,\N
7276,975,840,3,18,17,01:14.2,\N,\N
7277,975,825,210,20,18,01:14.3,\N,\N
7278,975,828,15,9,19,01:14.5,\N,\N
7279,975,836,15,94,20,01:14.8,\N,\N
7280,976,1,131,44,1,01:42.0,01:41.3,01:40.6
7281,976,822,131,77,2,01:43.0,01:41.5,01:41.0
7282,976,8,6,7,3,01:42.7,01:42.1,01:41.7
7283,976,20,6,5,4,01:43.0,01:41.9,01:41.8
7284,976,830,9,33,5,01:42.5,01:42.0,01:41.9
7285,976,815,10,11,6,01:43.2,01:42.5,01:42.1
7286,976,839,10,31,7,01:43.1,01:42.8,01:42.2
7287,976,840,3,18,8,01:43.6,01:42.3,01:42.8
7288,976,13,3,19,9,01:43.2,01:42.7,01:42.8
7289,976,817,9,3,10,01:42.9,01:42.2,01:43.4
7290,976,826,5,26,11,01:42.9,01:43.2,\N
7291,976,832,5,55,12,01:43.5,01:43.3,\N
7292,976,825,210,20,13,01:44.0,01:43.8,\N
7293,976,807,4,27,14,01:43.9,01:44.3,\N
7294,976,836,15,94,15,01:44.3,01:44.6,\N
7295,976,4,1,14,16,01:44.3,\N,\N
7296,976,154,210,8,17,01:44.5,\N,\N
7297,976,828,15,9,18,01:44.8,\N,\N
7298,976,838,1,2,19,01:45.0,\N,\N
7300,977,822,131,77,1,01:05.8,01:04.3,01:04.3
7301,977,20,6,5,2,01:05.6,01:04.8,01:04.3
7302,977,1,131,44,3,01:05.1,01:04.8,01:04.4
7303,977,8,6,7,4,01:05.1,01:05.0,01:04.8
7304,977,817,9,3,5,01:05.9,01:05.2,01:04.9
7305,977,830,9,33,6,01:05.8,01:04.9,01:05.0
7306,977,154,210,8,7,01:05.9,01:05.3,01:05.5
7307,977,815,10,11,8,01:06.0,01:05.4,01:05.6
7308,977,839,10,31,9,01:06.0,01:05.5,01:05.7
7309,977,832,5,55,10,01:05.7,01:05.5,01:05.7
7310,977,807,4,27,11,01:06.2,01:05.6,\N
7311,977,4,1,14,12,01:06.2,01:05.6,\N
7312,977,838,1,2,13,01:06.3,01:05.7,\N
7313,977,826,5,26,14,01:06.0,01:05.9,\N
7314,977,825,210,20,15,01:06.1,\N,\N
7315,977,835,4,30,16,01:06.3,\N,\N
7316,977,13,3,19,17,01:06.5,\N,\N
7317,977,840,3,18,18,01:06.6,\N,\N
7318,977,828,15,9,19,01:06.9,\N,\N
7319,977,836,15,94,20,01:07.0,\N,\N
7320,978,1,131,44,1,01:39.1,01:27.9,01:26.6
7321,978,8,6,7,2,01:40.5,01:29.0,01:27.1
7322,978,20,6,5,3,01:40.0,01:29.0,01:27.4
7323,978,822,131,77,4,01:39.7,01:28.7,01:27.4
7324,978,830,9,33,5,01:38.9,01:29.4,01:28.1
7325,978,807,4,27,6,01:39.2,01:29.3,01:28.9
7326,978,815,10,11,7,01:42.0,01:29.8,01:28.9
7327,978,839,10,31,8,01:39.7,01:29.7,01:29.1
7328,978,838,1,2,9,01:40.0,01:30.1,01:29.4
7329,978,154,210,8,10,01:42.0,01:30.0,01:29.5
7330,978,835,4,30,11,01:41.4,01:30.2,\N
7331,978,826,5,26,12,01:41.7,01:30.4,\N
7332,978,4,1,14,13,01:37.6,01:30.6,\N
7333,978,832,5,55,14,01:41.1,01:31.4,\N
7334,978,13,3,19,15,01:41.9,01:31.5,\N
7335,978,840,3,18,16,01:42.6,\N,\N
7336,978,825,210,20,17,01:42.6,\N,\N
7337,978,836,15,94,18,01:42.6,\N,\N
7338,978,828,15,9,19,01:42.6,\N,\N
7339,978,817,9,3,20,01:43.0,\N,\N
7340,979,20,6,5,1,01:17.2,01:16.8,01:16.3
7341,979,8,6,7,2,01:17.4,01:17.2,01:16.4
7342,979,822,131,77,3,01:18.1,01:17.4,01:16.5
7343,979,1,131,44,4,01:17.5,01:16.7,01:16.7
7344,979,830,9,33,5,01:17.3,01:17.0,01:16.8
7345,979,817,9,3,6,01:17.7,01:17.7,01:16.8
7346,979,807,4,27,7,01:18.1,01:17.7,01:17.5
7347,979,4,1,14,8,01:18.4,01:17.9,01:17.5
7348,979,838,1,2,9,01:18.5,01:18.0,01:17.9
7349,979,832,5,55,10,01:18.9,01:18.3,01:18.9
7350,979,835,4,30,11,01:18.7,01:18.4,\N
7351,979,839,10,31,12,01:18.8,01:18.5,\N
7352,979,826,5,26,13,01:18.7,01:18.5,\N
7353,979,815,10,11,14,01:19.1,01:18.6,\N
7354,979,154,210,8,15,01:19.1,01:18.8,\N
7355,979,825,210,20,16,01:19.1,\N,\N
7356,979,840,3,18,17,01:19.1,\N,\N
7357,979,836,15,94,18,01:19.8,\N,\N
7358,979,814,3,40,19,01:19.9,\N,\N
7359,979,828,15,9,20,01:20.0,\N,\N
7360,980,1,131,44,1,01:44.2,01:42.9,01:42.6
7361,980,20,6,5,2,01:44.3,01:44.0,01:42.8
7362,980,822,131,77,3,01:44.8,01:43.2,01:43.1
7363,980,8,6,7,4,01:44.7,01:43.7,01:43.3
7364,980,830,9,33,5,01:44.5,01:43.9,01:43.4
7365,980,817,9,3,6,01:45.1,01:44.2,01:43.9
7366,980,807,4,27,7,01:45.3,01:45.0,01:45.0
7367,980,815,10,11,8,01:45.6,01:44.9,01:45.2
7368,980,839,10,31,9,01:45.3,01:45.0,01:45.4
7369,980,835,4,30,10,01:45.4,01:44.7,\N
7370,980,4,1,14,11,01:45.7,01:45.1,\N
7371,980,154,210,8,12,01:45.7,01:45.1,\N
7372,980,825,210,20,13,01:45.5,01:45.4,\N
7373,980,832,5,55,14,01:45.4,01:45.4,\N
7374,980,838,1,2,15,01:45.4,\N,\N
7375,980,13,3,19,16,01:45.8,\N,\N
7376,980,826,5,26,17,01:46.0,\N,\N
7377,980,840,3,18,18,01:46.9,\N,\N
7378,980,828,15,9,19,01:47.2,\N,\N
7379,980,836,15,94,20,01:47.7,\N,\N
7380,981,1,131,44,1,01:36.0,01:34.7,01:35.6
7381,981,830,9,33,2,01:37.3,01:36.1,01:36.7
7382,981,817,9,3,3,01:38.3,01:37.3,01:36.8
7383,981,840,3,18,4,01:37.7,01:37.0,01:37.0
7384,981,839,10,31,5,01:38.8,01:37.6,01:37.7
7385,981,822,131,77,6,01:35.7,01:35.4,01:37.8
7386,981,8,6,7,7,01:38.2,01:37.0,01:38.0
7387,981,20,6,5,8,01:37.2,01:36.2,01:38.1
7388,981,13,3,19,9,01:38.3,01:37.5,01:38.3
7389,981,838,1,2,10,01:38.8,01:37.5,01:39.2
7390,981,815,10,11,11,01:38.5,01:37.6,
7391,981,807,4,27,12,01:39.2,01:38.1,
7392,981,4,1,14,13,01:39.1,01:38.2,
7393,981,826,5,26,14,01:39.2,01:38.2,
7394,981,832,5,55,15,01:39.8,01:38.5,
7395,981,825,210,20,16,01:40.5,,
7396,981,835,4,30,17,01:40.6,,
7397,981,828,15,9,18,01:41.7,,
7398,981,836,15,94,19,01:41.9,,
7399,981,154,210,8,20,01:43.4,\N,\N
7400,982,20,6,5,1,01:43.3,01:40.5,01:39.5
7401,982,830,9,33,2,01:42.0,01:40.3,01:39.8
7402,982,817,9,3,3,01:42.1,01:40.4,01:39.8
7403,982,8,6,7,4,01:43.3,01:40.5,01:40.1
7404,982,1,131,44,5,01:42.5,01:40.6,01:40.1
7405,982,822,131,77,6,01:43.1,01:41.4,01:40.8
7406,982,807,4,27,7,01:42.6,01:41.3,01:41.0
7407,982,4,1,14,8,01:42.1,01:41.4,01:41.2
7408,982,838,1,2,9,01:42.2,01:41.2,01:41.4
7409,982,832,5,55,10,01:42.2,01:41.8,01:42.1
7410,982,835,4,30,11,01:42.5,01:42.1,\N
7411,982,815,10,11,12,01:43.6,01:42.2,\N
7412,982,826,5,26,13,01:42.5,01:42.3,\N
7413,982,839,10,31,14,01:43.6,01:42.8,\N
7414,982,154,210,8,15,01:43.6,01:43.9,\N
7415,982,825,210,20,16,01:43.8,\N,\N
7416,982,13,3,19,17,01:44.0,\N,\N
7417,982,840,3,18,18,01:44.7,\N,\N
7418,982,836,15,94,19,01:45.1,\N,\N
7419,982,828,15,9,20,01:45.6,\N,\N
7420,983,1,131,44,1,01:31.6,01:31.0,01:30.1
7421,983,8,6,7,2,01:32.3,01:30.9,01:30.1
7422,983,830,9,33,3,01:31.9,01:30.9,01:30.5
7423,983,817,9,3,4,01:32.4,01:31.1,01:30.6
7424,983,20,6,5,20,,,
7425,983,839,10,31,6,01:32.5,01:31.7,01:31.5
7426,983,838,1,2,7,01:32.8,01:31.8,01:31.6
7427,983,807,4,27,8,01:32.6,01:31.8,01:31.6
7428,983,815,10,11,9,01:32.8,01:31.5,01:31.7
7429,983,4,1,14,10,01:33.0,01:32.0,01:31.7
7430,983,13,3,19,11,01:32.3,01:32.0,
7431,983,835,4,30,12,01:32.6,01:32.1,
7432,983,840,3,18,13,01:33.0,01:32.3,
7433,983,832,5,55,14,01:32.7,01:32.4,
7434,983,842,5,10,15,01:32.5,01:32.6,
7435,983,154,210,8,16,01:33.3,,
7436,983,825,210,20,17,01:33.4,,
7437,983,836,15,94,18,01:33.5,,
7438,983,828,15,9,19,01:34.0,,
7439,983,822,131,77,5,01:32.3,01:30.8,01:30.8
7440,984,1,131,44,1,01:29.0,01:27.8,01:27.3
7441,984,822,131,77,2,01:29.3,01:28.5,01:27.7
7442,984,20,6,5,3,01:29.4,01:28.2,01:27.8
7443,984,817,9,3,4,01:29.5,01:28.9,01:28.3
7444,984,830,9,33,5,01:29.2,01:28.7,01:28.3
7445,984,8,6,7,6,01:29.2,01:29.1,01:28.5
7446,984,839,10,31,7,01:30.1,01:29.2,01:29.1
7447,984,815,10,11,8,01:29.7,01:29.3,01:29.3
7448,984,13,3,19,9,01:30.4,01:29.7,01:29.5
7449,984,4,1,14,10,01:30.5,01:29.7,01:30.7
7450,984,838,1,2,11,01:30.7,01:29.8,\N
7451,984,807,4,27,12,01:30.3,01:29.9,\N
7452,984,825,210,20,13,01:30.8,01:30.0,\N
7453,984,835,4,30,14,01:30.5,01:30.0,\N
7454,984,832,5,55,15,01:30.6,01:30.4,\N
7455,984,154,210,8,16,01:30.8,\N,\N
7456,984,842,5,10,17,01:31.3,\N,\N
7457,984,840,3,18,18,01:31.4,\N,\N
7458,984,828,15,9,19,01:31.6,\N,\N
7459,984,836,15,94,20,01:31.9,\N,\N
7460,985,1,131,44,1,01:34.8,01:33.4,01:33.1
7461,985,20,6,5,2,01:35.4,01:34.1,01:33.3
7462,985,822,131,77,3,01:35.3,01:33.8,01:33.6
7463,985,817,9,3,4,01:36.0,01:34.5,01:33.6
7464,985,8,6,7,5,01:35.6,01:33.8,01:33.6
7465,985,830,9,33,6,01:34.9,01:34.7,01:33.7
7466,985,839,10,31,7,01:35.8,01:35.1,01:34.6
7467,985,832,4,55,8,01:35.5,01:34.9,01:34.9
7468,985,4,1,14,9,01:35.7,01:35.0,01:35.0
7469,985,815,10,11,10,01:36.4,01:34.8,01:35.1
7470,985,13,3,19,11,01:35.6,01:35.2,\N
7471,985,826,5,26,12,01:36.1,01:35.5,\N
7472,985,838,1,2,13,01:36.3,01:35.6,\N
7473,985,154,210,8,14,01:36.8,01:35.9,\N
7474,985,807,4,27,15,01:35.7,\N,\N
7475,985,828,15,9,16,01:36.8,\N,\N
7476,985,840,3,18,17,01:36.9,\N,\N
7477,985,843,5,39,18,01:36.9,\N,\N
7478,985,836,15,94,19,01:37.2,\N,\N
7479,985,825,210,20,20,01:37.4,\N,\N
7480,986,20,6,5,1,01:17.7,01:16.9,01:16.5
7481,986,830,9,33,2,01:17.6,01:16.5,01:16.6
7482,986,1,131,44,3,01:17.5,01:17.0,01:16.9
7483,986,822,131,77,4,01:17.6,01:17.2,01:17.0
7484,986,8,6,7,5,01:18.1,01:17.5,01:17.2
7485,986,839,10,31,6,01:18.3,01:17.8,01:17.4
7486,986,817,9,3,7,01:18.2,01:17.6,01:17.4
7487,986,807,4,27,8,01:18.3,01:17.8,01:17.5
7488,986,832,4,55,9,01:18.4,01:17.8,01:17.8
7489,986,815,10,11,10,01:18.0,01:17.9,01:17.8
7490,986,13,3,19,11,01:18.6,01:18.1,\N
7491,986,840,3,18,12,01:18.9,01:19.2,\N
7492,986,843,5,28,13,01:18.7,\N,\N
7493,986,4,1,14,14,01:17.7,\N,\N
7494,986,838,1,2,15,01:18.6,\N,\N
7495,986,828,15,9,16,01:19.2,\N,\N
7496,986,836,15,94,17,01:19.3,\N,\N
7497,986,825,210,20,18,01:19.4,\N,\N
7498,986,154,210,8,19,01:19.5,\N,\N
7499,987,822,131,77,1,01:09.5,01:08.6,01:08.3
7500,987,20,6,5,2,01:09.6,01:08.5,01:08.4
7501,987,8,6,7,3,01:09.4,01:09.1,01:08.5
7502,987,830,9,33,4,01:09.8,01:09.0,01:08.9
7503,987,817,9,3,5,01:09.8,01:09.5,01:09.3
7504,987,815,10,11,6,01:10.1,01:09.8,01:09.6
7505,987,4,1,14,7,01:10.2,01:09.6,01:09.6
7506,987,807,4,27,8,01:10.1,01:09.7,01:09.7
7507,987,832,4,55,9,01:10.2,01:09.8,01:09.8
7508,987,13,3,19,10,01:09.8,01:09.6,01:09.8
7509,987,839,10,31,11,01:10.2,01:09.8,
7510,987,154,210,8,12,01:10.1,01:09.9,
7511,987,838,1,2,13,01:10.3,01:10.1,
7512,987,825,210,20,14,01:10.5,01:10.2,
7513,987,843,5,28,15,01:10.6,,
7514,987,836,15,94,16,01:10.7,,
7515,987,842,5,10,17,01:10.7,,
7516,987,840,3,18,18,01:10.8,,
7517,987,828,15,9,19,01:10.9,,
7520,988,822,131,77,1,01:37.4,01:36.8,01:36.2
7519,987,1,131,44,20,\N,\N,\N
7521,988,1,131,44,2,01:37.4,01:36.7,01:36.4
7522,988,20,6,5,3,01:37.8,01:37.0,01:36.8
7523,988,817,9,3,4,01:38.0,01:37.6,01:37.0
7524,988,8,6,7,5,01:37.5,01:37.3,01:37.0
7525,988,830,9,33,6,01:38.0,01:37.8,01:37.3
7526,988,807,4,27,7,01:38.8,01:38.1,01:38.3
7527,988,815,10,11,8,01:38.6,01:38.4,01:38.4
7528,988,839,10,31,9,01:38.9,01:38.4,01:38.4
7529,988,13,3,19,10,01:38.6,01:38.6,01:38.6
7530,988,4,1,14,11,01:38.8,01:38.6,\N
7531,988,832,4,55,12,01:38.8,01:38.7,\N
7532,988,838,1,2,13,01:38.8,01:38.8,\N
7533,988,825,210,20,14,01:39.4,01:39.3,\N
7534,988,840,3,18,15,01:39.5,01:39.6,\N
7535,988,154,210,8,16,01:39.5,\N,\N
7536,988,842,5,10,17,01:39.7,\N,\N
7537,988,836,15,94,18,01:39.9,\N,\N
7538,988,828,15,9,19,01:40.0,\N,\N
7539,988,843,5,28,20,01:40.5,\N,\N
7540,989,1,131,44,1,01:22.8,01:22.1,01:21.2
7541,989,8,6,7,2,01:23.1,01:22.5,01:21.8
7542,989,20,6,5,3,01:23.3,01:21.9,01:21.8
7543,989,830,9,33,4,01:23.5,01:22.4,01:21.9
7544,989,817,9,3,5,01:23.5,01:22.9,01:22.2
7545,989,825,210,20,6,01:23.9,01:23.3,01:23.2
7546,989,154,210,8,7,01:23.7,01:23.5,01:23.3
7547,989,807,4,27,8,01:23.8,01:23.5,01:23.5
7548,989,832,4,55,9,01:23.5,01:23.1,01:23.6
7549,989,822,131,77,10,01:23.7,01:22.1,
7550,989,4,1,14,11,01:23.6,01:23.7,
7551,989,838,1,2,12,01:24.1,01:23.9,
7552,989,815,10,11,13,01:24.3,01:24.0,
7553,989,840,3,18,14,01:24.5,01:24.2,
7554,989,839,10,31,15,01:24.5,01:24.8,
7555,989,843,5,28,16,01:24.5,,
7556,989,828,15,9,17,01:24.6,,
7557,989,844,15,16,18,01:24.6,,
7558,989,845,3,35,19,01:24.9,,
7559,989,842,5,10,20,01:25.3,,
7560,990,20,6,5,1,01:29.1,01:28.3,01:28.0
7561,990,8,6,7,2,01:29.0,01:28.5,01:28.1
7562,990,822,131,77,3,01:29.3,01:28.8,01:28.1
7563,990,1,131,44,4,01:29.4,01:28.5,01:28.2
7564,990,817,9,3,5,01:29.6,01:29.0,01:28.4
7565,990,842,5,10,6,01:30.1,01:29.8,01:29.3
7566,990,825,210,20,7,01:29.6,01:29.6,01:29.4
7567,990,807,4,27,8,01:30.3,01:29.2,01:29.6
7568,990,839,10,31,9,01:30.3,01:30.0,01:29.9
7569,990,832,4,55,10,01:29.9,01:29.8,01:30.0
7570,990,843,5,28,11,01:30.4,01:30.1,\N
7571,990,815,10,11,12,01:30.2,01:30.2,\N
7572,990,4,1,14,13,01:30.5,01:30.2,\N
7573,990,838,1,2,14,01:30.5,01:30.5,\N
7574,990,830,9,33,15,01:29.4,\N,\N
7575,990,154,210,8,16,01:30.5,\N,\N
7576,990,828,15,9,17,01:31.1,\N,\N
7577,990,845,3,35,18,01:31.4,\N,\N
7578,990,844,15,16,19,01:31.4,\N,\N
7579,990,840,3,18,20,01:31.5,\N,\N
7580,991,20,6,5,1,01:32.2,01:32.4,01:31.1
7581,991,8,6,7,2,01:32.5,01:32.3,01:31.2
7582,991,822,131,77,3,01:32.9,01:32.1,01:31.6
7583,991,1,131,44,4,01:33.3,01:31.9,01:31.7
7584,991,830,9,33,5,01:32.9,01:32.8,01:31.8
7585,991,817,9,3,6,01:33.9,01:32.7,01:31.9
7586,991,807,4,27,7,01:33.5,01:32.5,01:32.5
7587,991,815,10,11,8,01:33.5,01:32.9,01:32.8
7588,991,832,4,55,9,01:33.3,01:33.0,01:32.8
7589,991,154,210,8,10,01:33.2,01:32.5,01:32.9
7590,991,825,210,20,11,01:33.4,01:33.0,\N
7591,991,839,10,31,12,01:33.6,01:33.1,\N
7592,991,4,1,14,13,01:33.4,01:33.2,\N
7593,991,838,1,2,14,01:33.8,01:33.5,\N
7594,991,843,5,28,15,01:34.0,01:33.8,\N
7595,991,845,3,35,16,01:34.1,\N,\N
7596,991,842,5,10,17,01:34.1,\N,\N
7597,991,840,3,18,18,01:34.3,\N,\N
7598,991,844,15,16,19,01:34.5,\N,\N
7599,991,828,15,9,20,01:34.9,\N,\N
7600,992,20,6,5,1,01:42.8,01:43.0,01:41.5
7601,992,1,131,44,2,01:42.7,01:42.7,01:41.7
7602,992,822,131,77,3,01:43.4,01:42.7,01:41.8
7603,992,817,9,3,4,01:42.9,01:43.5,01:41.9
7604,992,830,9,33,5,01:42.6,01:42.9,01:42.0
7605,992,8,6,7,6,01:42.5,01:42.5,01:42.5
7606,992,839,10,31,7,01:43.0,01:43.0,01:42.5
7607,992,815,10,11,8,01:44.0,01:43.4,01:42.5
7608,992,807,4,27,9,01:43.7,01:43.2,01:43.1
7609,992,832,4,55,10,01:43.4,01:43.5,01:43.4
7610,992,840,3,18,11,01:44.4,01:43.6,
7611,992,845,3,35,12,01:44.3,01:43.9,
7612,992,4,1,14,13,01:44.0,01:44.0,
7613,992,844,15,16,14,01:43.8,01:44.1,
7614,992,825,210,20,15,01:43.7,01:44.8,
7615,992,838,1,2,16,01:44.5,,
7616,992,842,5,10,17,01:44.5,,
7617,992,828,15,9,18,01:45.5,,
7618,992,843,5,28,19,01:57.4,\N,\N
7619,992,154,210,8,20,\N,\N,\N
7620,993,1,131,44,1,01:17.6,01:17.2,01:16.2
7621,993,822,131,77,2,01:17.7,01:17.1,01:16.2
7622,993,20,6,5,3,01:17.0,01:16.8,01:16.3
7623,993,8,6,7,4,01:17.5,01:17.1,01:16.6
7624,993,830,9,33,5,01:17.4,01:17.3,01:16.8
7625,993,817,9,3,6,01:17.6,01:17.6,01:16.8
7626,993,825,210,20,7,01:18.2,01:17.6,01:17.7
7627,993,4,1,14,8,01:18.3,01:18.1,01:17.7
7628,993,832,4,55,9,01:18.5,01:17.8,01:17.8
7629,993,154,210,8,10,01:18.3,01:17.7,01:17.8
7630,993,838,1,2,11,01:18.9,01:18.3,
7631,993,842,5,10,12,01:18.5,01:18.5,
7632,993,839,10,31,13,01:18.8,01:18.7,
7633,993,844,15,16,14,01:18.7,01:18.9,
7634,993,815,10,11,15,01:18.7,01:19.1,
7635,993,807,4,27,16,01:18.9,,
7636,993,828,15,9,17,01:19.5,,
7637,993,845,3,35,18,01:19.7,,
7638,993,840,3,18,19,01:20.2,,
7639,993,843,5,28,20,,,
7640,994,817,9,3,1,01:12.0,01:11.3,01:10.8
7641,994,20,6,5,2,01:12.4,01:11.5,01:11.0
7642,994,1,131,44,3,01:12.5,01:11.6,01:11.2
7643,994,8,6,7,4,01:12.6,01:11.4,01:11.3
7644,994,4,1,14,7,01:12.7,01:12.3,01:12.1
7645,994,832,4,55,8,01:13.0,01:12.3,01:12.1
7646,994,815,10,11,9,01:12.8,01:12.2,01:12.2
7647,994,842,5,10,10,01:12.9,01:12.3,01:12.2
7648,994,838,1,2,12,01:12.5,01:12.4,
7649,994,845,3,35,13,01:12.7,01:12.5,
7650,994,844,15,16,14,01:12.8,01:12.7,
7651,994,154,210,8,15,01:12.9,01:12.7,
7652,994,843,5,28,16,01:13.2,,
7653,994,828,15,9,17,01:13.3,,
7654,994,840,3,18,18,01:13.3,,
7655,994,825,210,20,19,01:13.4,,
7656,994,830,9,33,20,,,
7657,994,822,131,77,5,01:12.4,01:12.0,01:11.4
7658,994,839,10,31,6,01:13.0,01:12.2,01:12.1
7659,994,807,4,27,11,01:13.1,01:12.4,
7660,995,20,6,5,1,01:11.7,01:11.5,01:10.8
7661,995,822,131,77,2,01:11.9,01:11.5,01:10.9
7662,995,830,9,33,3,01:12.0,01:11.5,01:10.9
7663,995,1,131,44,4,01:11.8,01:11.7,01:11.0
7664,995,8,6,7,5,01:11.7,01:11.6,01:11.1
7665,995,817,9,3,6,01:12.5,01:11.4,01:11.1
7666,995,807,4,27,7,01:12.8,01:11.9,01:12.0
7667,995,839,10,31,8,01:12.6,01:12.1,01:12.1
7668,995,832,4,55,9,01:12.7,01:12.1,01:12.2
7669,995,815,10,11,10,01:12.7,01:12.4,01:12.7
7670,995,843,5,28,12,01:12.6,01:12.6,
7671,995,4,1,14,14,01:13.0,01:12.9,
7672,995,838,1,2,15,01:13.0,01:12.9,
7673,995,842,5,10,16,01:13.0,,
7674,995,840,3,18,17,01:13.6,,
7675,995,845,3,35,18,01:13.6,,
7676,995,828,15,9,19,01:14.6,,
7677,995,154,210,8,20,,,
7678,995,825,210,20,11,01:12.7,01:12.6,\N
7679,995,844,15,16,13,01:12.9,01:12.7,\N
7680,996,1,131,44,1,01:31.3,01:30.6,01:30.0
7681,996,822,131,77,2,01:31.8,01:31.2,01:30.1
7682,996,20,6,5,3,01:31.8,01:30.8,01:30.4
7683,996,830,9,33,4,01:31.5,01:30.8,01:30.7
7684,996,817,9,3,5,01:31.9,01:31.5,01:30.9
7685,996,8,6,7,6,01:31.6,01:30.8,01:31.1
7686,996,832,4,55,7,01:32.4,01:32.0,01:32.1
7687,996,844,15,16,8,01:32.5,01:32.1,01:32.6
7688,996,825,210,20,9,01:32.2,01:31.5,01:32.9
7689,996,154,210,8,10,01:32.1,01:31.5,\N
7690,996,839,10,31,11,01:32.8,01:32.1,\N
7691,996,807,4,27,12,01:32.9,01:32.1,\N
7692,996,815,10,11,13,01:32.7,01:32.5,\N
7693,996,842,5,10,14,01:32.4,01:32.5,\N
7694,996,828,15,9,15,01:32.8,01:32.8,\N
7695,996,4,1,14,16,01:33.0,\N,\N
7696,996,843,5,28,17,01:33.0,\N,\N
7697,996,838,1,2,18,01:33.2,\N,\N
7698,996,845,3,35,19,01:33.6,\N,\N
7699,996,840,3,18,20,01:33.7,\N,\N
7700,997,822,131,77,1,01:04.2,01:03.8,01:03.1
7701,997,1,131,44,2,01:04.1,01:03.6,01:03.1
7702,997,20,6,5,3,01:04.3,01:03.5,01:03.5
7703,997,8,6,7,4,01:04.2,01:04.0,01:03.7
7704,997,830,9,33,5,01:04.3,01:04.0,01:03.8
7705,997,154,210,8,6,01:04.2,01:04.1,01:03.9
7706,997,817,9,3,7,01:04.7,01:04.4,01:04.0
7707,997,825,210,20,8,01:04.5,01:04.3,01:04.1
7708,997,832,4,55,9,01:04.9,01:04.6,01:04.7
7709,997,807,4,27,10,01:04.9,01:04.7,01:05.0
7710,997,839,10,31,11,01:05.1,01:04.8,\N
7711,997,842,5,10,12,01:05.0,01:04.9,\N
7712,997,844,15,16,13,01:05.0,01:05.0,\N
7713,997,4,1,14,14,01:05.0,01:05.1,\N
7714,997,840,3,18,15,01:05.3,01:05.3,\N
7715,997,838,1,2,16,01:05.3,\N,\N
7716,997,815,10,11,17,01:05.3,\N,\N
7717,997,845,3,35,18,01:05.3,\N,\N
7718,997,843,5,28,19,01:05.4,\N,\N
7719,997,828,15,9,20,01:05.5,\N,\N
7720,998,1,131,44,1,01:26.8,01:26.3,01:25.9
7721,998,20,6,5,2,01:26.6,01:26.4,01:25.9
7722,998,8,6,7,3,01:27.5,01:26.5,01:26.0
7723,998,822,131,77,4,01:27.0,01:26.4,01:26.2
7724,998,830,9,33,5,01:27.3,01:27.0,01:26.6
7725,998,817,9,3,6,01:28.0,01:27.4,01:27.1
7726,998,825,210,20,7,01:28.1,01:27.7,01:27.2
7727,998,154,210,8,8,01:28.1,01:27.5,01:27.5
7728,998,844,15,16,9,01:28.0,01:27.8,01:27.9
7729,998,839,10,31,10,01:28.3,01:27.8,01:28.2
7730,998,807,4,27,11,01:28.0,01:27.9,
7731,998,815,10,11,12,01:28.2,01:27.9,
7732,998,4,1,14,13,01:28.2,01:28.1,
7733,998,842,5,10,14,01:28.4,01:28.3,
7734,998,828,15,9,15,01:28.2,01:28.4,
7735,998,832,4,55,16,01:28.5,,
7736,998,838,1,2,17,01:29.1,,
7737,998,845,3,35,18,01:29.3,,
7738,998,840,3,18,19,\N,\N,\N
7739,998,843,5,28,20,\N,\N,\N
7740,999,20,6,5,1,01:12.5,01:12.5,01:11.2
7741,999,822,131,77,2,01:13.0,01:12.2,01:11.4
7742,999,8,6,7,3,01:12.5,01:12.3,01:11.5
7743,999,830,9,33,4,01:13.1,01:12.2,01:11.8
7744,999,825,210,20,5,01:13.1,01:12.5,01:12.2
7745,999,154,210,8,6,01:13.0,01:12.7,01:12.5
7746,999,807,4,27,7,01:13.5,01:12.9,01:12.6
7747,999,832,4,55,8,01:13.3,01:13.0,01:12.7
7748,999,844,15,16,9,01:13.1,01:13.0,01:12.7
7749,999,815,10,11,10,01:13.4,01:13.1,01:12.8
7750,999,4,1,14,11,01:13.6,01:13.7,\N
7751,999,845,3,35,12,01:13.7,01:13.7,\N
7752,999,828,15,9,13,01:13.6,01:13.7,\N
7753,999,1,131,44,14,01:13.0,\N,\N
7754,999,817,9,3,15,01:13.3,\N,\N
7755,999,839,10,31,16,01:13.7,\N,\N
7756,999,842,5,10,17,01:13.7,\N,\N
7757,999,843,5,28,18,01:14.0,\N,\N
7758,999,840,3,18,19,01:14.2,\N,\N
7759,999,838,1,2,20,01:14.4,\N,\N
7760,1000,8,6,7,3,01:17.5,01:32.8,01:36.2
7761,1000,20,6,5,4,01:16.7,01:28.6,01:36.2
7762,1000,832,4,55,5,01:17.8,01:30.8,01:36.7
7763,1000,842,5,10,6,01:18.6,01:31.3,01:37.6
7764,1000,830,9,33,7,01:16.9,01:31.2,01:38.0
7765,1000,843,5,28,8,01:18.4,01:32.6,01:38.1
7766,1000,825,210,20,9,01:18.3,01:33.0,01:39.9
7767,1000,154,210,8,10,01:17.9,01:33.7,01:40.6
7768,1000,4,1,14,11,01:18.2,01:35.2,
7769,1000,817,9,3,12,01:18.5,01:36.4,
7770,1000,807,4,27,13,01:17.9,01:36.5,
7771,1000,828,15,9,14,01:18.6,01:37.1,
7772,1000,840,3,18,15,01:18.6,,
7773,1000,838,1,2,16,01:18.8,,
7774,1000,844,15,16,17,01:18.8,,
7775,1000,839,10,31,18,01:19.1,,
7776,1000,815,10,11,19,01:19.2,,
7777,1000,845,3,35,20,01:19.3,,
7778,1000,1,131,44,1,01:17.4,01:31.2,01:35.7
7779,1000,822,131,77,2,01:17.1,01:32.1,01:35.9
7780,1001,1,131,44,1,01:43.0,01:41.6,01:58.2
7781,1001,20,6,5,2,01:43.0,01:41.5,01:58.9
7782,1001,839,10,31,3,01:44.0,01:43.3,02:01.9
7783,1001,815,10,11,4,01:44.0,01:43.0,02:01.9
7784,1001,154,210,8,5,01:43.6,01:43.0,02:02.1
7785,1001,8,6,7,6,01:42.6,01:41.5,02:02.7
7786,1001,830,9,33,7,01:43.2,01:42.6,02:02.8
7787,1001,817,9,3,8,01:43.6,01:43.1,02:02.9
7788,1001,825,210,20,9,01:43.8,01:43.3,02:04.9
7789,1001,822,131,77,10,01:42.8,01:42.2,\N
7790,1001,842,5,10,11,01:44.2,01:43.8,\N
7791,1001,843,5,28,12,01:44.2,01:43.9,\N
7792,1001,844,15,16,13,01:43.7,01:44.1,\N
7793,1001,828,15,9,14,01:43.8,01:44.3,\N
7794,1001,807,4,27,15,01:44.1,\N,\N
7795,1001,832,4,55,16,01:44.5,\N,\N
7796,1001,4,1,14,17,01:44.9,\N,\N
7797,1001,845,3,35,18,01:45.0,\N,\N
7798,1001,840,3,18,19,01:45.1,\N,\N
7799,1001,838,1,2,20,01:45.3,\N,\N
7800,1002,8,6,7,1,01:20.7,01:19.8,01:19.1
7801,1002,20,6,5,2,01:20.5,01:19.6,01:19.3
7802,1002,1,131,44,3,01:20.8,01:19.8,01:19.3
7803,1002,822,131,77,4,01:21.4,01:20.4,01:19.7
7804,1002,830,9,33,5,01:21.4,01:20.3,01:20.6
7805,1002,154,210,8,6,01:21.9,01:21.2,01:20.9
7806,1002,832,4,55,7,01:21.7,01:21.6,01:21.0
7807,1002,839,10,31,8,01:21.6,01:21.3,01:21.1
7808,1002,842,5,10,9,01:21.8,01:21.7,01:21.4
7809,1002,840,3,18,10,01:21.8,01:21.5,01:21.6
7810,1002,825,210,20,11,01:21.8,01:21.7,\N
7811,1002,845,3,35,12,01:21.8,01:21.7,\N
7812,1002,4,1,14,13,01:21.9,01:22.6,\N
7813,1002,807,4,27,14,01:21.8,\N,\N
7814,1002,817,9,3,15,01:21.3,\N,\N
7815,1002,815,10,11,16,01:21.9,\N,\N
7816,1002,844,15,16,17,01:21.9,\N,\N
7817,1002,843,5,28,18,01:21.9,\N,\N
7818,1002,828,15,9,19,01:22.0,\N,\N
7819,1002,838,1,2,20,01:22.1,\N,\N
7820,1003,1,131,44,1,01:39.4,01:37.3,01:36.0
7821,1003,830,9,33,2,01:38.8,01:37.2,01:36.3
7822,1003,20,6,5,3,01:38.2,01:37.9,01:36.6
7823,1003,822,131,77,4,01:39.3,01:37.3,01:36.7
7824,1003,8,6,7,5,01:38.5,01:37.2,01:36.8
7825,1003,817,9,3,6,01:38.2,01:37.4,01:37.0
7826,1003,815,10,11,7,01:38.8,01:38.3,01:38.0
7827,1003,154,210,8,8,01:38.7,01:38.4,01:38.3
7828,1003,839,10,31,9,01:38.9,01:38.5,01:38.4
7829,1003,807,4,27,10,01:38.9,01:38.5,01:38.6
7830,1003,4,1,14,11,01:39.0,01:38.6,
7831,1003,832,4,55,12,01:39.1,01:38.7,
7832,1003,844,15,16,13,01:39.2,01:38.7,
7833,1003,828,15,9,14,01:39.4,01:39.5,
7834,1003,842,5,10,15,01:39.6,01:39.7,
7835,1003,825,210,20,16,01:39.6,,
7836,1003,843,5,28,17,01:39.8,,
7837,1003,838,1,2,18,01:39.9,,
7838,1003,845,3,35,19,01:41.3,,
7839,1003,840,3,18,20,01:41.3,,
7840,1004,822,131,77,1,01:33.0,01:32.7,01:31.4
7841,1004,1,131,44,2,01:32.4,01:32.6,01:31.5
7842,1004,20,6,5,3,01:33.5,01:33.0,01:31.9
7843,1004,8,6,7,4,01:33.3,01:33.1,01:32.2
7844,1004,825,210,20,5,01:34.1,01:33.7,01:33.2
7845,1004,839,10,31,6,01:34.3,01:33.6,01:33.4
7846,1004,844,15,16,7,01:33.9,01:33.5,01:33.4
7847,1004,815,10,11,8,01:34.1,01:33.9,01:33.6
7848,1004,154,210,8,9,01:34.0,01:33.5,01:33.7
7849,1004,828,15,9,10,01:34.2,01:34.0,01:35.2
7850,1004,830,9,33,11,01:33.0,\N,\N
7851,1004,817,9,3,12,01:33.2,\N,\N
7852,1004,842,5,10,13,01:34.4,\N,\N
7853,1004,832,4,55,14,01:34.6,\N,\N
7854,1004,807,4,27,15,01:34.7,\N,\N
7855,1004,843,5,28,16,01:35.0,\N,\N
7856,1004,4,1,14,17,01:35.5,\N,\N
7857,1004,845,3,35,18,01:35.6,\N,\N
7858,1004,838,1,2,19,01:36.0,\N,\N
7859,1004,840,3,28,20,01:36.4,\N,\N
7860,1005,1,131,44,1,01:28.7,01:28.0,01:27.8
7861,1005,822,131,77,2,01:29.3,01:28.0,01:28.1
7862,1005,830,9,33,3,01:29.5,01:28.8,01:29.1
7863,1005,8,6,7,4,01:29.6,01:28.6,01:29.5
7864,1005,154,210,8,5,01:29.7,01:29.7,01:29.8
7865,1005,843,5,28,6,01:30.2,01:29.8,01:30.0
7866,1005,842,5,10,7,01:30.1,01:29.8,01:30.1
7867,1005,839,10,31,8,01:29.9,01:29.5,01:30.1
7868,1005,20,6,5,9,01:29.0,01:28.3,01:32.2
7869,1005,815,10,11,10,01:30.2,01:29.6,01:37.2
7870,1005,844,15,16,11,01:29.7,01:29.9,
7871,1005,825,210,20,12,01:30.2,01:30.2,
7872,1005,832,4,55,13,01:30.2,01:30.5,
7873,1005,840,3,18,14,01:30.3,01:30.7,
7874,1005,817,9,3,15,01:29.8,,
7875,1005,807,4,27,16,01:30.4,,
7876,1005,845,3,35,17,01:30.4,,
7877,1005,4,1,14,18,01:30.6,,
7878,1005,838,1,2,19,01:31.0,,
7879,1005,828,15,9,20,01:31.2,,
7880,1006,1,131,44,1,01:34.1,01:33.5,01:32.2
7881,1006,20,6,5,2,01:34.6,01:33.1,01:32.3
7882,1006,8,6,7,3,01:34.7,01:32.9,01:32.3
7883,1006,822,131,77,4,01:34.5,01:33.7,01:32.6
7884,1006,817,9,3,5,01:34.8,01:34.2,01:33.5
7885,1006,839,10,31,6,01:34.9,01:34.5,01:34.1
7886,1006,807,4,27,7,01:34.9,01:34.6,01:34.2
7887,1006,154,210,8,8,01:34.9,01:34.4,01:34.3
7888,1006,844,15,16,9,01:35.1,01:34.3,01:34.4
7889,1006,815,10,11,10,01:35.2,01:34.5,01:34.6
7890,1006,832,4,55,11,01:34.9,01:34.6,\N
7891,1006,825,210,20,12,01:35.0,01:34.7,\N
7892,1006,842,5,10,13,01:34.9,\N,\N
7893,1006,843,5,28,14,01:35.2,\N,\N
7894,1006,830,9,33,15,01:34.8,\N,\N
7895,1006,4,1,14,16,01:35.3,\N,\N
7896,1006,845,3,35,17,01:35.4,\N,\N
7897,1006,840,3,18,18,01:35.5,\N,\N
7898,1006,828,15,9,19,01:35.5,\N,\N
7899,1006,838,1,2,20,01:35.7,\N,\N
7900,1007,817,9,3,1,01:15.9,01:15.8,01:14.8
7901,1007,830,9,33,2,01:15.8,01:15.6,01:14.8
7902,1007,1,131,44,3,01:15.7,01:15.6,01:14.9
7903,1007,20,6,5,4,01:16.1,01:15.7,01:15.0
7904,1007,822,131,77,5,01:15.6,01:15.9,01:15.2
7905,1007,8,6,7,6,01:16.4,01:16.0,01:15.3
7906,1007,807,4,27,7,01:16.5,01:16.1,01:15.8
7907,1007,832,4,55,8,01:16.8,01:16.2,01:16.1
7908,1007,844,15,16,9,01:16.9,01:16.3,01:16.2
7909,1007,828,15,9,10,01:16.7,01:16.6,01:16.5
7910,1007,839,10,31,11,01:16.3,01:16.8,
7911,1007,815,10,11,13,01:16.2,01:17.2,
7912,1007,843,5,28,14,01:16.7,01:17.2,
7913,1007,842,5,10,15,01:16.8,,
7914,1007,154,210,8,16,01:16.9,,
7915,1007,838,1,2,17,01:17.0,,
7916,1007,825,210,20,18,01:17.6,,
7917,1007,840,3,18,19,01:17.7,,
7918,1007,845,3,35,20,01:17.9,,
7919,1007,4,1,14,12,01:16.9,01:16.9,
7920,1008,1,131,44,1,01:08.5,01:07.8,01:07.3
7921,1008,20,6,5,2,01:08.5,01:07.8,01:07.4
7922,1008,822,131,77,3,01:08.5,01:07.7,01:07.4
7923,1008,8,6,7,4,01:08.5,01:08.0,01:07.5
7924,1008,830,9,33,5,01:08.2,01:08.0,01:07.8
7925,1008,817,9,3,6,01:08.5,01:08.1,01:07.8
7926,1008,828,15,9,7,01:08.8,01:08.6,01:08.3
7927,1008,844,15,16,8,01:08.7,01:08.3,01:08.5
7928,1008,154,210,8,9,01:08.7,01:08.2,01:08.5
7929,1008,842,5,10,10,01:09.0,01:08.6,01:09.0
7930,1008,825,210,20,11,01:08.5,01:08.7,\N
7931,1008,815,10,11,12,01:09.2,01:08.7,\N
7932,1008,839,10,31,13,01:09.3,01:08.8,\N
7933,1008,807,4,27,14,01:09.0,01:08.8,\N
7934,1008,845,3,35,15,01:09.3,01:10.4,\N
7935,1008,832,4,55,16,01:09.3,\N,\N
7936,1008,843,5,28,17,01:09.3,\N,\N
7937,1008,4,1,14,18,01:09.4,\N,\N
7938,1008,840,3,18,19,01:09.4,\N,\N
7939,1008,838,1,2,20,01:09.6,\N,\N
7940,1009,1,131,44,1,01:36.8,01:35.7,01:34.8
7941,1009,822,131,77,2,01:36.8,01:36.4,01:35.0
7942,1009,20,6,5,3,01:36.8,01:36.3,01:35.1
7943,1009,8,6,7,4,01:37.0,01:36.7,01:35.4
7944,1009,817,9,3,5,01:37.1,01:37.0,01:35.4
7945,1009,830,9,33,6,01:37.2,01:36.1,01:35.6
7946,1009,154,210,8,7,01:37.6,01:36.7,01:36.2
7947,1009,844,15,16,8,01:37.1,01:36.6,01:36.2
7948,1009,839,10,31,9,01:36.9,01:36.8,01:36.5
7949,1009,807,4,27,10,01:37.6,01:36.6,01:36.5
7950,1009,832,4,55,11,01:37.8,01:37.0,\N
7951,1009,828,15,9,12,01:37.6,01:37.1,\N
7952,1009,825,210,20,13,01:37.9,01:37.3,\N
7953,1009,815,10,11,14,01:37.3,01:37.5,\N
7954,1009,4,1,14,15,01:37.9,01:37.7,\N
7955,1009,843,5,28,16,01:38.0,\N,\N
7956,1009,842,5,10,17,01:38.2,\N,\N
7957,1009,838,1,2,18,01:38.6,\N,\N
7958,1009,845,3,35,19,01:38.6,\N,\N
7959,1009,840,3,18,20,01:38.7,\N,\N
7960,1010,1,131,44,1,01:22.0,01:21.0,01:20.5
7961,1010,822,131,77,2,01:22.4,01:21.2,01:20.6
7962,1010,20,6,5,3,01:22.9,01:21.9,01:21.2
7963,1010,830,9,33,4,01:22.9,01:21.7,01:21.3
7964,1010,844,6,16,5,01:22.0,01:21.7,01:21.4
7965,1010,154,210,8,6,01:23.0,01:21.9,01:21.8
7966,1010,825,210,20,7,01:22.5,01:22.2,01:22.1
7967,1010,846,1,4,8,01:22.7,01:22.4,01:22.3
7968,1010,8,51,7,9,01:23.0,01:22.3,01:22.3
7969,1010,815,211,11,10,01:22.9,01:22.5,01:22.8
7970,1010,807,4,27,11,01:22.5,01:22.6,\N
7971,1010,817,4,3,12,01:22.9,01:22.6,\N
7972,1010,848,5,23,13,01:22.8,01:22.6,\N
7973,1010,841,51,99,14,01:22.4,01:22.7,\N
7974,1010,826,5,26,15,01:22.5,01:22.8,\N
7975,1010,840,211,18,16,01:23.0,\N,\N
7976,1010,842,9,10,17,01:23.0,\N,\N
7977,1010,832,1,55,18,01:23.1,\N,\N
7978,1010,847,3,63,19,01:24.4,\N,\N
7979,1010,9,3,88,20,01:26.1,\N,\N
7980,1011,844,6,16,1,01:28.5,01:28.0,01:27.9
7981,1011,20,6,5,2,01:28.7,01:28.4,01:28.2
7982,1011,1,131,44,3,01:29.3,01:28.6,01:28.2
7983,1011,822,131,77,4,01:29.5,01:28.8,01:28.3
7984,1011,830,9,33,5,01:29.6,01:29.1,01:28.8
7985,1011,825,210,20,6,01:29.5,01:29.0,01:28.8
7986,1011,832,1,55,7,01:29.5,01:29.1,01:28.8
7987,1011,154,210,8,8,01:29.7,01:29.2,01:29.0
7988,1011,8,51,7,9,01:30.0,01:29.5,01:29.0
7989,1011,846,1,4,10,01:29.4,01:29.3,01:29.0
7990,1011,817,4,3,11,01:29.9,01:29.5,\N
7991,1011,848,5,23,12,01:29.5,01:29.5,\N
7992,1011,842,9,10,13,01:29.9,01:29.5,\N
7993,1011,815,211,11,14,01:29.9,01:29.8,\N
7994,1011,826,5,26,15,01:29.9,01:29.9,\N
7995,1011,841,51,99,16,01:30.0,\N,\N
7996,1011,807,4,27,17,01:30.0,\N,\N
7997,1011,840,211,18,18,01:30.2,\N,\N
7998,1011,847,3,63,19,01:31.8,\N,\N
7999,1011,9,3,88,20,01:31.8,\N,\N
8000,1012,822,131,77,1,01:32.7,01:31.7,01:31.5
8001,1012,1,131,44,2,01:33.1,01:31.6,01:31.6
8002,1012,20,6,5,3,01:33.6,01:32.2,01:31.8
8003,1012,844,6,16,4,01:32.7,01:32.3,01:31.9
8004,1012,830,9,33,5,01:33.3,01:32.4,01:32.1
8005,1012,842,9,10,6,01:33.9,01:32.9,01:32.9
8006,1012,817,4,3,7,01:33.7,01:33.2,01:33.0
8007,1012,807,4,27,8,01:33.6,01:34.0,01:33.0
8008,1012,825,210,20,9,01:34.0,01:33.1,
8009,1012,154,210,8,10,01:33.8,01:33.2,
8010,1012,826,5,26,11,01:33.8,01:33.2,
8011,1012,815,211,11,12,01:34.0,01:33.3,
8012,1012,8,51,7,13,01:34.1,01:33.4,
8013,1012,832,1,55,14,01:33.7,01:33.5,
8014,1012,846,1,4,15,01:34.1,01:34.0,
8015,1012,840,211,18,16,01:34.3,,
8016,1012,847,3,63,17,01:35.3,,
8017,1012,9,3,88,18,01:35.3,,
8018,1013,822,131,77,1,01:42.0,01:41.5,01:40.5
8019,1013,1,131,44,2,01:41.6,01:41.6,01:40.6
8020,1013,20,6,5,3,01:42.0,01:41.9,01:40.8
8021,1013,830,9,33,4,01:41.7,01:41.4,01:41.1
8022,1013,815,211,11,5,01:42.2,01:41.9,01:41.6
8023,1013,826,5,26,6,01:42.3,01:42.2,01:41.7
8024,1013,846,1,4,7,01:42.4,01:42.1,01:41.9
8025,1013,841,51,99,8,01:42.1,01:42.4,01:42.4
8026,1013,844,6,16,9,01:41.4,01:42.0,
8027,1013,832,1,55,10,01:41.9,01:42.4,
8028,1013,817,4,3,11,01:42.5,01:42.5,
8029,1013,848,5,23,12,01:42.2,01:42.5,
8030,1013,825,210,20,13,01:42.4,01:42.7,
8031,1013,840,211,18,14,01:42.6,,
8032,1013,154,210,8,15,01:43.4,,
8033,1013,807,4,27,16,01:43.4,,
8034,1013,847,3,63,17,01:45.1,,
8035,1013,9,3,88,18,01:45.5,,
8036,1013,8,51,7,19,,,
8037,1013,842,9,10,20,,,
8038,1014,822,131,77,1,01:17.0,01:15.9,01:15.4
8039,1014,1,131,44,2,01:17.3,01:16.0,01:16.0
8040,1014,20,6,5,3,01:17.4,01:16.7,01:16.3
8041,1014,830,9,33,4,01:17.2,01:16.7,01:16.4
8042,1014,844,6,16,5,01:17.4,01:16.7,01:16.6
8043,1014,842,9,10,6,01:17.9,01:16.9,01:16.7
8044,1014,154,210,8,7,01:18.0,01:17.1,01:16.9
8045,1014,825,210,20,8,01:17.7,01:17.3,01:16.9
8046,1014,826,5,26,9,01:17.9,01:17.2,01:17.6
8047,1014,817,4,3,10,01:18.4,01:17.3,01:18.1
8048,1014,846,1,4,11,01:17.6,01:17.3,\N
8049,1014,848,5,23,12,01:17.8,01:17.4,\N
8050,1014,832,1,55,13,01:17.8,01:17.6,\N
8051,1014,8,51,7,14,01:18.1,01:17.8,\N
8052,1014,815,211,11,15,01:18.3,01:17.9,\N
8053,1014,807,4,27,16,01:18.4,\N,\N
8054,1014,840,211,18,17,01:18.5,\N,\N
8055,1014,841,51,99,18,01:18.7,\N,\N
8056,1014,847,3,63,19,01:19.1,\N,\N
8057,1014,9,3,88,20,01:20.3,\N,\N
8058,1015,1,131,44,1,01:11.5,01:10.8,01:10.2
8059,1015,822,131,77,2,01:11.6,01:10.7,01:10.3
8060,1015,830,9,33,3,01:11.6,01:10.6,01:10.6
8061,1015,20,6,5,4,01:11.4,01:11.2,01:10.9
8062,1015,842,9,10,5,01:11.7,01:11.5,01:11.0
8063,1015,825,210,20,6,01:11.9,01:11.4,01:11.1
8064,1015,817,4,3,7,01:11.8,01:11.5,01:11.2
8065,1015,826,5,26,8,01:11.6,01:11.4,01:11.3
8066,1015,832,1,55,9,01:11.9,01:11.6,01:11.4
8067,1015,848,5,23,10,01:12.0,01:11.4,01:11.7
8068,1015,807,4,27,11,01:12.1,01:11.7,\N
8069,1015,846,1,4,12,01:11.8,01:11.7,\N
8070,1015,154,210,8,13,01:11.8,01:12.0,\N
8071,1015,8,51,7,14,01:12.0,01:12.1,\N
8072,1015,841,51,99,15,01:12.0,01:12.2,\N
8073,1015,844,6,16,16,01:12.1,\N,\N
8074,1015,815,211,11,17,01:12.2,\N,\N
8075,1015,840,211,18,18,01:12.8,\N,\N
8076,1015,847,3,63,19,01:13.5,\N,\N
8077,1015,9,3,88,20,01:13.8,\N,\N
8078,1016,20,6,5,1,01:11.2,01:11.1,01:10.2
8079,1016,1,131,44,2,01:11.5,01:11.0,01:10.4
8080,1016,844,6,16,3,01:11.2,01:11.2,01:10.9
8081,1016,817,4,3,4,01:11.8,01:11.5,01:11.1
8082,1016,842,9,10,5,01:12.0,01:11.2,01:11.1
8083,1016,822,131,77,6,01:11.2,01:11.1,01:11.1
8084,1016,807,4,27,7,01:11.7,01:11.6,01:11.3
8085,1016,846,1,4,8,01:11.8,01:11.7,01:11.9
8086,1016,832,1,55,9,01:11.8,01:11.6,01:14.0
8087,1016,825,210,20,10,01:12.1,01:11.8,\N
8088,1016,830,9,33,11,01:11.6,01:11.8,\N
8089,1016,826,5,26,12,01:12.0,01:11.9,\N
8090,1016,841,51,99,13,01:12.1,01:12.1,\N
8091,1016,848,5,23,14,01:12.0,01:12.2,\N
8092,1016,154,210,8,15,01:12.1,\N,\N
8093,1016,815,211,11,16,01:12.2,\N,\N
8094,1016,8,51,7,17,01:12.2,\N,\N
8095,1016,840,211,18,18,01:12.3,\N,\N
8096,1016,847,3,63,19,01:13.6,\N,\N
8097,1016,9,3,88,20,01:14.4,\N,\N
